disease,symptom,weight
Acute COPD exacerbation / infection,chronic obstructive pulmonary disease (copd),0.8234
Acute COPD exacerbation / infection,clinical evidence 125,0.8655
Acute COPD exacerbation / infection,clinical evidence 214,0.9051
Acute COPD exacerbation / infection,cough,0.7731
Acute COPD exacerbation / infection,no recent international travel,0.968
Acute COPD exacerbation / infection,one or several flare ups of chronic obstructive pulmonary disease (copd) in the past year,0.7251
Acute COPD exacerbation / infection,productive cough with colored sputum,0.7257
Acute COPD exacerbation / infection,severe chronic obstructive pulmonary disease (copd),0.6636
Acute COPD exacerbation / infection,shortness of breath,0.747
Acute COPD exacerbation / infection,smoking,0.8141
Acute COPD exacerbation / infection,work in agriculture,0.5834
Acute COPD exacerbation / infection,work in construction,0.5599
Acute COPD exacerbation / infection,work in the mining sector,0.6301
Acute dystonic reactions,"annoying muscle spasms in your face, neck or any other part of your body",0.6639
Acute dystonic reactions,clinical evidence 128,0.5952
Acute dystonic reactions,clinical evidence 147,0.7048
Acute dystonic reactions,clinical evidence 15,0.7058
Acute dystonic reactions,feel that muscle spasms or soreness in your neck are keeping you from turning your head to one side,0.6575
Acute dystonic reactions,hard time opening/raising one or both eyelids,0.5937
Acute dystonic reactions,no recent international travel,0.9684
Acute dystonic reactions,regularly take stimulant drugs,0.7079
Acute dystonic reactions,shortness of breath,0.5934
Acute dystonic reactions,suddenly have difficulty or an inability to open your mouth or have jaw pain when opening it,0.6589
Acute dystonic reactions,trouble keeping your tongue in your mouth,0.6619
Acute dystonic reactions,unable to control the direction of your eyes,0.5933
Acute laryngitis,attend or work in a daycare,0.6015
Acute laryngitis,clinical evidence 212,0.8608
Acute laryngitis,cold in the last 2 weeks,0.6648
Acute laryngitis,cough,0.5755
Acute laryngitis,fever,0.5483
Acute laryngitis,joint pain,0.9993
Acute laryngitis,live with 4 or more people,0.5976
Acute laryngitis,no recent international travel,0.9704
Acute laryngitis,pain character: burning,0.7754
Acute laryngitis,pain character: tender/sensitive,0.6659
Acute laryngitis,pain does not radiate,1.0
Acute laryngitis,pain in palace,0.6649
Acute laryngitis,pain in thyroid cartilage,0.5106
Acute laryngitis,pain in tonsil (left),0.6643
Acute laryngitis,pain in tonsil (right),0.6665
Acute laryngitis,pain in trachea,0.3998
Acute laryngitis,pain in under the jaw,0.6706
Acute laryngitis,pain intensity: 1/10,0.1412
Acute laryngitis,pain intensity: 2/10,0.1417
Acute laryngitis,pain intensity: 3/10,0.1448
Acute laryngitis,pain intensity: 4/10,0.144
Acute laryngitis,pain intensity: 5/10,0.1443
Acute laryngitis,pain intensity: 6/10,0.1424
Acute laryngitis,pain intensity: 7/10,0.141
Acute laryngitis,pain localization: 2/10,0.1393
Acute laryngitis,pain localization: 3/10,0.138
Acute laryngitis,pain localization: 4/10,0.1436
Acute laryngitis,pain localization: 5/10,0.1453
Acute laryngitis,pain localization: 6/10,0.1454
Acute laryngitis,pain localization: 7/10,0.1405
Acute laryngitis,pain localization: 8/10,0.1472
Acute laryngitis,pain onset: gradual,0.1667
Acute laryngitis,pain onset: sudden,0.1724
Acute laryngitis,smoking,0.5957
Acute laryngitis,sore throat,0.6459
Acute otitis media,clinical evidence 209,0.498
Acute otitis media,cough,0.5263
Acute otitis media,currently being treated or have you recently been treated with an oral antibiotic for an ear infection,0.5435
Acute otitis media,fever,0.5662
Acute otitis media,joint pain,0.9982
Acute otitis media,more irritable or has your mood been very unstable,0.5472
Acute otitis media,no recent international travel,0.9701
Acute otitis media,pain character: sharp,0.7474
Acute otitis media,pain character: tender/sensitive,0.8163
Acute otitis media,pain does not radiate,1.0
Acute otitis media,pain in ear (left),0.7972
Acute otitis media,pain in ear (right),0.7976
Acute otitis media,pain intensity: 3/10,0.1398
Acute otitis media,pain intensity: 4/10,0.1427
Acute otitis media,pain intensity: 5/10,0.142
Acute otitis media,pain intensity: 6/10,0.1414
Acute otitis media,pain intensity: 7/10,0.1453
Acute otitis media,pain intensity: 8/10,0.1412
Acute otitis media,pain intensity: 9/10,0.1458
Acute otitis media,pain localization: 10/10,0.2017
Acute otitis media,pain localization: 6/10,0.1991
Acute otitis media,pain localization: 7/10,0.1992
Acute otitis media,pain localization: 8/10,0.1971
Acute otitis media,pain localization: 9/10,0.201
Acute otitis media,pain onset: gradual,0.1413
Acute otitis media,pain onset: sudden,0.1482
Acute otitis media,pain onset: very gradual,0.1422
Acute otitis media,runny nose,0.605
Acute pulmonary edema,bouts of choking or shortness of breath that wake you up at night,0.743
Acute pulmonary edema,chest pain,0.8187
Acute pulmonary edema,clinical evidence 175,0.7187
Acute pulmonary edema,clinical evidence 217,0.7609
Acute pulmonary edema,clinical evidence 5,0.8252
Acute pulmonary edema,currently undergo dialysis,0.75
Acute pulmonary edema,heart failure,0.9097
Acute pulmonary edema,high blood pressure or do you take medications to treat high blood pressure,0.749
Acute pulmonary edema,joint pain,1.0
Acute pulmonary edema,no recent international travel,0.9706
Acute pulmonary edema,pain character: dull/aching,0.5934
Acute pulmonary edema,pain character: heavy/pressure-like,0.6281
Acute pulmonary edema,pain character: pulling/tugging,0.525
Acute pulmonary edema,pain character: tender/sensitive,0.5972
Acute pulmonary edema,pain in breast (left),0.453
Acute pulmonary edema,pain in breast (right),0.4992
Acute pulmonary edema,pain in calf (left),0.1117
Acute pulmonary edema,pain in calf (right),0.1709
Acute pulmonary edema,pain in left ankle,0.2577
Acute pulmonary edema,pain in posterior chest wall (left),0.5202
Acute pulmonary edema,pain in posterior chest wall (right),0.5229
Acute pulmonary edema,pain in right ankle,0.3529
Acute pulmonary edema,pain in side of the chest (left),0.5181
Acute pulmonary edema,pain in tibia (right),0.0679
Acute pulmonary edema,pain intensity: 2/10,0.1215
Acute pulmonary edema,pain intensity: 3/10,0.1245
Acute pulmonary edema,pain intensity: 4/10,0.1223
Acute pulmonary edema,pain intensity: 5/10,0.1225
Acute pulmonary edema,pain intensity: 6/10,0.1265
Acute pulmonary edema,pain intensity: 7/10,0.1309
Acute pulmonary edema,pain intensity: 8/10,0.1266
Acute pulmonary edema,pain intensity: 9/10,0.1251
Acute pulmonary edema,pain localization: 1/10,0.1247
Acute pulmonary edema,pain localization: 2/10,0.1262
Acute pulmonary edema,pain localization: 3/10,0.1205
Acute pulmonary edema,pain localization: 4/10,0.1245
Acute pulmonary edema,pain localization: 5/10,0.1269
Acute pulmonary edema,pain localization: 6/10,0.1258
Acute pulmonary edema,pain localization: 7/10,0.1276
Acute pulmonary edema,pain localization: 8/10,0.1237
Acute pulmonary edema,pain onset: gradual,0.1143
Acute pulmonary edema,pain onset: sudden,0.1125
Acute pulmonary edema,pain onset: very gradual,0.1146
Acute pulmonary edema,pain radiates to biceps (left),0.5229
Acute pulmonary edema,pain radiates to biceps (right),0.5242
Acute pulmonary edema,pain radiates to chin,0.5059
Acute pulmonary edema,pain radiates to jaw,0.5178
Acute pulmonary edema,pain radiates to left shoulder,0.5211
Acute pulmonary edema,pain radiates to right shoulder,0.5193
Acute pulmonary edema,pain radiates to scapula (left),0.3834
Acute pulmonary edema,pain radiates to scapula (right),0.4516
Acute pulmonary edema,pain radiates to triceps (left),0.2354
Acute pulmonary edema,pain radiates to triceps (right),0.3074
Acute pulmonary edema,shortness of breath,0.7935
Acute pulmonary edema,sweating,0.5865
Acute pulmonary edema,swelling,0.9988
Acute pulmonary edema,swelling in ankle (left),0.6679
Acute pulmonary edema,swelling in ankle (right),0.6667
Acute pulmonary edema,swelling in calf (left),0.6667
Acute pulmonary edema,swelling in calf (right),0.6705
Acute pulmonary edema,swelling in tibia (left),0.5786
Acute pulmonary edema,swelling in tibia (right),0.6725
Acute pulmonary edema,symptoms that are increased with physical exertion but alleviated with rest,0.7589
Acute rhinosinusitis,asthma or have you ever had to use a bronchodilator in the past,0.8743
Acute rhinosinusitis,clinical evidence 103,0.742
Acute rhinosinusitis,clinical evidence 118,0.7218
Acute rhinosinusitis,clinical evidence 125,0.6869
Acute rhinosinusitis,clinical evidence 209,0.4954
Acute rhinosinusitis,cold in the last 2 weeks,0.6208
Acute rhinosinusitis,cough,0.7742
Acute rhinosinusitis,deviated nasal septum,0.6897
Acute rhinosinusitis,fever,0.3528
Acute rhinosinusitis,greenish or yellowish nasal discharge,0.8102
Acute rhinosinusitis,joint pain,1.0
Acute rhinosinusitis,more likely to develop common allergies than the general population,0.8067
Acute rhinosinusitis,no recent international travel,0.9723
Acute rhinosinusitis,pain character: burning,0.81
Acute rhinosinusitis,pain character: sharp,0.7424
Acute rhinosinusitis,pain in eye (left),0.3512
Acute rhinosinusitis,pain in eye (right),0.5716
Acute rhinosinusitis,pain in forehead,0.7662
Acute rhinosinusitis,pain in left cheek,0.7501
Acute rhinosinusitis,pain in mouth,0.7412
Acute rhinosinusitis,pain in nose,0.7446
Acute rhinosinusitis,pain in right cheek,0.7428
Acute rhinosinusitis,pain intensity: 2/10,0.1373
Acute rhinosinusitis,pain intensity: 3/10,0.1428
Acute rhinosinusitis,pain intensity: 4/10,0.1423
Acute rhinosinusitis,pain intensity: 5/10,0.142
Acute rhinosinusitis,pain intensity: 6/10,0.1439
Acute rhinosinusitis,pain intensity: 7/10,0.1453
Acute rhinosinusitis,pain intensity: 8/10,0.1464
Acute rhinosinusitis,pain localization: 2/10,0.141
Acute rhinosinusitis,pain localization: 3/10,0.147
Acute rhinosinusitis,pain localization: 4/10,0.1426
Acute rhinosinusitis,pain localization: 5/10,0.1404
Acute rhinosinusitis,pain localization: 6/10,0.1459
Acute rhinosinusitis,pain localization: 7/10,0.141
Acute rhinosinusitis,pain localization: 8/10,0.1421
Acute rhinosinusitis,pain onset: gradual,0.1456
Acute rhinosinusitis,pain onset: sudden,0.1474
Acute rhinosinusitis,pain onset: very gradual,0.1373
Acute rhinosinusitis,pain radiates to back of head,0.741
Acute rhinosinusitis,pain radiates to forehead,0.7505
Acute rhinosinusitis,pain radiates to left temple,0.7476
Acute rhinosinusitis,pain radiates to nose,0.7399
Acute rhinosinusitis,pain radiates to right temple,0.7427
Acute rhinosinusitis,polyps in your nose,0.9128
Acute rhinosinusitis,runny nose,0.3228
Acute rhinosinusitis,smoking,0.7123
Allergic sinusitis,asthma or have you ever had to use a bronchodilator in the past,0.7548
Allergic sinusitis,"close family members who suffer from allergies (any type), hay fever or eczema",0.6886
Allergic sinusitis,cough,0.6277
Allergic sinusitis,family members who have asthma,0.5174
Allergic sinusitis,live in in a big city,0.6211
Allergic sinusitis,more likely to develop common allergies than the general population,0.7134
Allergic sinusitis,no recent international travel,0.9521
Allergic sinusitis,nose or the back of your throat itchy,0.8236
Allergic sinusitis,runny nose,0.8764
Allergic sinusitis,severe itching in one or both eyes,0.7263
Anaphylaxis,abdominal pain,0.5507
Anaphylaxis,clinical evidence 159,0.5999
Anaphylaxis,clinical evidence 194,0.601
Anaphylaxis,clinical evidence 214,0.5977
Anaphylaxis,clinical evidence 42,0.772
Anaphylaxis,diarrhea,0.6047
Anaphylaxis,feel lightheaded and dizzy or do you feel like you are about to faint,0.6307
Anaphylaxis,itching severity: 10/10,0.2551
Anaphylaxis,itching severity: 7/10,0.2451
Anaphylaxis,itching severity: 8/10,0.249
Anaphylaxis,itching severity: 9/10,0.2507
Anaphylaxis,joint pain,0.9995
Anaphylaxis,known severe food allergy,0.804
Anaphylaxis,lesion larger than 1cm,1.0
Anaphylaxis,more likely to develop common allergies than the general population,0.669
Anaphylaxis,no recent international travel,0.9701
Anaphylaxis,pain character: cramping,0.5569
Anaphylaxis,pain character: sharp,0.5541
Anaphylaxis,pain character: stabbing,0.6457
Anaphylaxis,pain does not radiate,1.0
Anaphylaxis,pain in left flank,0.5569
Anaphylaxis,pain in left lower abdomen,0.552
Anaphylaxis,pain in left upper abdomen,0.462
Anaphylaxis,pain in pubis,0.2862
Anaphylaxis,pain in right flank,0.5562
Anaphylaxis,pain in right lower abdomen,0.5548
Anaphylaxis,pain intensity: 3/10,0.1447
Anaphylaxis,pain intensity: 4/10,0.1445
Anaphylaxis,pain intensity: 5/10,0.1395
Anaphylaxis,pain intensity: 6/10,0.1425
Anaphylaxis,pain intensity: 7/10,0.1441
Anaphylaxis,pain intensity: 8/10,0.1455
Anaphylaxis,pain intensity: 9/10,0.1388
Anaphylaxis,pain localization: 0/10,0.144
Anaphylaxis,pain localization: 1/10,0.1435
Anaphylaxis,pain localization: 2/10,0.139
Anaphylaxis,pain localization: 3/10,0.1437
Anaphylaxis,pain localization: 4/10,0.1434
Anaphylaxis,pain localization: 5/10,0.1454
Anaphylaxis,pain localization: 6/10,0.141
Anaphylaxis,pain onset: gradual,0.1444
Anaphylaxis,pain onset: sudden,0.1389
Anaphylaxis,pain onset: very gradual,0.1442
Anaphylaxis,rash is pink colored,1.0
Anaphylaxis,rash pain intensity: 0/10,0.2539
Anaphylaxis,rash pain intensity: 1/10,0.2477
Anaphylaxis,rash pain intensity: 2/10,0.2493
Anaphylaxis,rash pain intensity: 3/10,0.2491
Anaphylaxis,rash swelling: 0/10,0.1435
Anaphylaxis,rash swelling: 1/10,0.1446
Anaphylaxis,rash swelling: 2/10,0.1436
Anaphylaxis,rash swelling: 3/10,0.1426
Anaphylaxis,rash swelling: 4/10,0.1415
Anaphylaxis,rash swelling: 5/10,0.1412
Anaphylaxis,rash swelling: 6/10,0.143
Anaphylaxis,shortness of breath,0.6022
Anaphylaxis,skin lesion on ankle (left),0.3471
Anaphylaxis,skin lesion on ankle (right),0.5746
Anaphylaxis,skin lesion on back of the neck,0.7521
Anaphylaxis,skin lesion on biceps (left),0.7498
Anaphylaxis,skin lesion on biceps (right),0.747
Anaphylaxis,skin lesion on mid back,0.0856
Anaphylaxis,skin lesion on mouth,0.7503
Anaphylaxis,skin lesion on neck/upper back,0.184
Anaphylaxis,skin lesion on thyroid cartilage,0.7505
Anaphylaxis,skin lesions are not peeling,1.0
Anaphylaxis,skin lesions or redness,1.0
Anaphylaxis,swelling,0.9933
Anaphylaxis,swelling in cheek (left),0.7137
Anaphylaxis,swelling in cheek (right),0.7173
Anaphylaxis,swelling in forehead,0.718
Anaphylaxis,swelling in nose,0.7173
Anaphylaxis,vomiting,0.5479
Anemia,chronic kidney failure,0.7514
Anemia,clinical evidence 140,0.5981
Anemia,clinical evidence 179,0.6004
Anemia,clinical evidence 24,0.7775
Anemia,dizziness,0.6027
Anemia,family members who have been diagnosed with anemia,0.7126
Anemia,feel lightheaded and dizzy or do you feel like you are about to faint,0.6671
Anemia,feel so tired that you are unable to do your usual activities or are you stuck in your bed all day long,0.6352
Anemia,headache,0.5963
Anemia,insomnia,0.6014
Anemia,joint pain,0.9905
Anemia,no recent international travel,0.5285
Anemia,pain character: cramping,0.5942
Anemia,pain character: exhausting,0.6201
Anemia,pain character: pulling/tugging,0.593
Anemia,pain character: tender/sensitive,0.5934
Anemia,pain does not radiate,1.0
Anemia,pain in back of head,0.6021
Anemia,pain in forehead,0.6021
Anemia,pain in left temple,0.6011
Anemia,pain in right temple,0.6038
Anemia,pain intensity: 1/10,0.2024
Anemia,pain intensity: 2/10,0.1949
Anemia,pain intensity: 3/10,0.199
Anemia,pain intensity: 4/10,0.1981
Anemia,pain intensity: 5/10,0.1961
Anemia,pain localization: 2/10,0.1404
Anemia,pain localization: 3/10,0.1415
Anemia,pain localization: 4/10,0.1386
Anemia,pain localization: 5/10,0.1462
Anemia,pain localization: 6/10,0.143
Anemia,pain localization: 7/10,0.1431
Anemia,pain localization: 8/10,0.1377
Anemia,pain onset: gradual,0.166
Anemia,pain onset: sudden,0.1739
Anemia,poor diet,0.7497
Anemia,recent travel to: asia,0.0556
Anemia,recent travel to: north africa,0.0707
Anemia,recent travel to: south africa,0.0738
Anemia,recent travel to: south east asia,0.0553
Anemia,recent travel to: west africa,0.0704
Anemia,shortness of breath,0.6041
Anemia,skin much paler than usual,0.6011
Anemia,taking any new oral anticoagulants ((noacs),0.7983
Anemia,think you are pregnant or are you currently pregnant,0.3426
Anemia,very abundant or very long menstruation periods,0.2177
Anemia,weight loss,0.7772
Atrial fibrillation,chest pain,0.7191
Atrial fibrillation,clinical evidence 19,0.7098
Atrial fibrillation,diabetes,0.5762
Atrial fibrillation,dizziness,0.6912
Atrial fibrillation,feel your heart is beating very irregularly or in a disorganized pattern,0.7632
Atrial fibrillation,high blood pressure or do you take medications to treat high blood pressure,0.7386
Atrial fibrillation,known heart defect,0.6652
Atrial fibrillation,known issue with one of your heart valves,0.7647
Atrial fibrillation,no recent international travel,0.9679
Atrial fibrillation,palpitations,0.7314
Atrial fibrillation,severe chronic obstructive pulmonary disease (copd),0.7471
Atrial fibrillation,shortness of breath,0.7217
Atrial fibrillation,significantly overweight compared to people of the same height as you,0.6241
Atrial fibrillation,symptoms that are increased with physical exertion but alleviated with rest,0.5748
Boerhaave,abdominal pain,0.7647
Boerhaave,addiction to alcohol,0.7141
Boerhaave,chest pain,0.7537
Boerhaave,clinical evidence 210,0.719
Boerhaave,clinical evidence 211,0.8033
Boerhaave,joint pain,0.9999
Boerhaave,no recent international travel,0.973
Boerhaave,pain character: lancinating/shooting,0.7571
Boerhaave,pain character: sickening,0.7598
Boerhaave,pain character: stabbing,0.7525
Boerhaave,pain character: tearing,0.7514
Boerhaave,pain character: violent,0.7495
Boerhaave,pain in left flank,0.4609
Boerhaave,pain in left upper abdomen,0.2468
Boerhaave,pain in right flank,0.557
Boerhaave,pain intensity: 10/10,0.2025
Boerhaave,pain intensity: 6/10,0.2033
Boerhaave,pain intensity: 7/10,0.1945
Boerhaave,pain intensity: 8/10,0.202
Boerhaave,pain intensity: 9/10,0.1977
Boerhaave,pain localization: 1/10,0.1409
Boerhaave,pain localization: 2/10,0.1477
Boerhaave,pain localization: 3/10,0.1403
Boerhaave,pain localization: 4/10,0.1419
Boerhaave,pain localization: 5/10,0.1428
Boerhaave,pain localization: 6/10,0.1459
Boerhaave,pain localization: 7/10,0.1404
Boerhaave,pain onset: very gradual,0.204
Boerhaave,pain radiates to mid back,0.7558
Boerhaave,pain radiates to scapula (left),0.758
Boerhaave,pain radiates to scapula (right),0.7516
Boerhaave,shortness of breath,0.641
Boerhaave,vomiting,0.7626
Bronchiectasis,asthma or have you ever had to use a bronchodilator in the past,0.5838
Bronchiectasis,chronic obstructive pulmonary disease (copd),0.6584
Bronchiectasis,clinical evidence 118,0.6352
Bronchiectasis,clinical evidence 45,0.5877
Bronchiectasis,cough,0.7068
Bronchiectasis,cystic fibrosis,0.7956
Bronchiectasis,immunosuppressed,0.711
Bronchiectasis,no recent international travel,0.9675
Bronchiectasis,of asian descent,0.1131
Bronchiectasis,productive cough with colored sputum,0.8523
Bronchiectasis,rheumatoid arthritis,0.6771
Bronchiectasis,shortness of breath,0.7162
Bronchiectasis,suffer from crohn’s disease or ulcerative colitis (uc),0.6708
Bronchiolitis,clinical evidence 142,0.5744
Bronchiolitis,clinical evidence 209,0.481
Bronchiolitis,clinical evidence 214,0.7232
Bronchiolitis,cough,0.564
Bronchiolitis,ever temporarily stop breathing while you’re asleep,0.5398
Bronchiolitis,fever,0.993
Bronchiolitis,live in a rural area,0.5675
Bronchiolitis,live in the suburbs,0.5398
Bronchiolitis,live with 4 or more people,0.5571
Bronchiolitis,no recent international travel,0.9896
Bronchiolitis,runny nose,1.0
Bronchiolitis,shortness of breath,1.0
Bronchiolitis,weight loss,0.5571
Bronchitis,chest pain,0.4436
Bronchitis,chronic obstructive pulmonary disease (copd),0.7865
Bronchitis,clinical evidence 209,0.4278
Bronchitis,clinical evidence 214,0.5427
Bronchitis,clinical evidence 219,0.5726
Bronchitis,cough,0.8717
Bronchitis,fever,0.5357
Bronchitis,joint pain,0.9945
Bronchitis,no recent international travel,0.9705
Bronchitis,pain character: burning,0.7457
Bronchitis,pain character: tender/sensitive,0.4438
Bronchitis,pain does not radiate,1.0
Bronchitis,pain in breast (left),0.3817
Bronchitis,pain in breast (right),0.4182
Bronchitis,pain in posterior chest wall (left),0.4394
Bronchitis,pain in posterior chest wall (right),0.4369
Bronchitis,pain in side of the chest (left),0.4451
Bronchitis,pain intensity: 1/10,0.1973
Bronchitis,pain intensity: 2/10,0.1977
Bronchitis,pain intensity: 3/10,0.2024
Bronchitis,pain intensity: 4/10,0.1997
Bronchitis,pain intensity: 5/10,0.1973
Bronchitis,pain localization: 1/10,0.1415
Bronchitis,pain localization: 2/10,0.1432
Bronchitis,pain localization: 3/10,0.1405
Bronchitis,pain localization: 4/10,0.1411
Bronchitis,pain localization: 5/10,0.1419
Bronchitis,pain localization: 6/10,0.1449
Bronchitis,pain localization: 7/10,0.1413
Bronchitis,pain onset: gradual,0.1691
Bronchitis,pain onset: sudden,0.1674
Bronchitis,productive cough with colored sputum,0.7818
Bronchitis,runny nose,0.4609
Bronchitis,shortness of breath,0.5704
Bronchitis,smoking,0.5763
Bronchitis,sore throat,0.491
Bronchospasm / acute asthma exacerbation,2 or more asthma attacks in the past year,0.7729
Bronchospasm / acute asthma exacerbation,asthma or have you ever had to use a bronchodilator in the past,0.9735
Bronchospasm / acute asthma exacerbation,clinical evidence 101,0.7155
Bronchospasm / acute asthma exacerbation,clinical evidence 119,0.739
Bronchospasm / acute asthma exacerbation,clinical evidence 214,0.8631
Bronchospasm / acute asthma exacerbation,cold in the last 2 weeks,0.7808
Bronchospasm / acute asthma exacerbation,cough,0.7728
Bronchospasm / acute asthma exacerbation,exposed to secondhand cigarette smoke on a daily basis,0.6215
Bronchospasm / acute asthma exacerbation,family members who have asthma,0.6611
Bronchospasm / acute asthma exacerbation,live in in a big city,0.5788
Bronchospasm / acute asthma exacerbation,more likely to develop common allergies than the general population,0.7313
Bronchospasm / acute asthma exacerbation,no recent international travel,0.9663
Bronchospasm / acute asthma exacerbation,shortness of breath,0.8493
Chagas,abdominal pain,0.2592
Chagas,back pain,0.6009
Chagas,clinical evidence 174,0.5577
Chagas,clinical evidence 175,0.6385
Chagas,diarrhea,0.5714
Chagas,fever,0.6065
Chagas,headache,0.5905
Chagas,joint pain,1.0
Chagas,no recent international travel,0.8375
Chagas,no swelling present,1.0
Chagas,pain character: cramping,0.5495
Chagas,pain character: dull/aching,0.5973
Chagas,pain character: exhausting,0.6069
Chagas,pain character: pulling/tugging,0.549
Chagas,pain character: pulsating,0.5988
Chagas,pain character: sharp,0.5427
Chagas,pain character: tender/sensitive,0.5942
Chagas,pain does not radiate,1.0
Chagas,pain in back of head,0.5987
Chagas,pain in forehead,0.5887
Chagas,pain in left flank,0.101
Chagas,pain in left temple,0.3462
Chagas,pain in right flank,0.157
Chagas,pain in right lower abdomen,0.0665
Chagas,pain in right temple,0.4608
Chagas,pain intensity: 2/10,0.1484
Chagas,pain intensity: 3/10,0.1442
Chagas,pain intensity: 4/10,0.1432
Chagas,pain intensity: 5/10,0.145
Chagas,pain intensity: 6/10,0.141
Chagas,pain intensity: 7/10,0.1421
Chagas,pain intensity: 8/10,0.1362
Chagas,pain localization: 10/10,0.1181
Chagas,pain localization: 2/10,0.1112
Chagas,pain localization: 3/10,0.1119
Chagas,pain localization: 4/10,0.1148
Chagas,pain localization: 5/10,0.1087
Chagas,pain localization: 6/10,0.1122
Chagas,pain localization: 7/10,0.1104
Chagas,pain localization: 8/10,0.1075
Chagas,pain localization: 9/10,0.1053
Chagas,pain onset: gradual,0.1437
Chagas,pain onset: sudden,0.1448
Chagas,pain onset: very gradual,0.142
Chagas,recent travel to: central america,0.056
Chagas,recent travel to: north america,0.0534
Chagas,recent travel to: south america,0.0531
Chagas,shortness of breath,0.5724
Chagas,swollen or painful lymph nodes,0.5296
Chagas,vomiting,0.5631
Chronic rhinosinusitis,asthma or have you ever had to use a bronchodilator in the past,0.8675
Chronic rhinosinusitis,clinical evidence 103,0.8432
Chronic rhinosinusitis,clinical evidence 118,0.7103
Chronic rhinosinusitis,clinical evidence 125,0.6879
Chronic rhinosinusitis,cold in the last 2 weeks,0.6206
Chronic rhinosinusitis,cough,0.8287
Chronic rhinosinusitis,deviated nasal septum,0.6849
Chronic rhinosinusitis,greenish or yellowish nasal discharge,0.6675
Chronic rhinosinusitis,joint pain,1.0
Chronic rhinosinusitis,more likely to develop common allergies than the general population,0.8177
Chronic rhinosinusitis,no recent international travel,0.9693
Chronic rhinosinusitis,pain character: burning,0.8092
Chronic rhinosinusitis,pain character: sharp,0.7459
Chronic rhinosinusitis,pain in eye (left),0.3518
Chronic rhinosinusitis,pain in eye (right),0.5725
Chronic rhinosinusitis,pain in forehead,0.7494
Chronic rhinosinusitis,pain in left cheek,0.7404
Chronic rhinosinusitis,pain in left temple,0.0929
Chronic rhinosinusitis,pain in mouth,0.7397
Chronic rhinosinusitis,pain in nose,0.7409
Chronic rhinosinusitis,pain in right cheek,0.7492
Chronic rhinosinusitis,pain in right temple,0.1913
Chronic rhinosinusitis,pain intensity: 1/10,0.1699
Chronic rhinosinusitis,pain intensity: 2/10,0.1702
Chronic rhinosinusitis,pain intensity: 3/10,0.1705
Chronic rhinosinusitis,pain intensity: 4/10,0.1599
Chronic rhinosinusitis,pain intensity: 5/10,0.1641
Chronic rhinosinusitis,pain intensity: 6/10,0.1655
Chronic rhinosinusitis,pain localization: 2/10,0.1397
Chronic rhinosinusitis,pain localization: 3/10,0.14
Chronic rhinosinusitis,pain localization: 4/10,0.1418
Chronic rhinosinusitis,pain localization: 5/10,0.1423
Chronic rhinosinusitis,pain localization: 6/10,0.1443
Chronic rhinosinusitis,pain localization: 7/10,0.1445
Chronic rhinosinusitis,pain localization: 8/10,0.1473
Chronic rhinosinusitis,pain onset: gradual,0.2063
Chronic rhinosinusitis,pain onset: sudden,0.2002
Chronic rhinosinusitis,pain radiates to back of head,0.6376
Chronic rhinosinusitis,pain radiates to forehead,0.6332
Chronic rhinosinusitis,pain radiates to left temple,0.6373
Chronic rhinosinusitis,pain radiates to nose,0.6403
Chronic rhinosinusitis,pain radiates to right temple,0.6351
Chronic rhinosinusitis,polyps in your nose,0.9086
Chronic rhinosinusitis,runny nose,0.5134
Chronic rhinosinusitis,smoking,0.7099
Cluster headache,addiction to alcohol,0.6652
Cluster headache,clinical evidence 25,0.8308
Cluster headache,feel that your eyes produce excessive tears,0.6044
Cluster headache,joint pain,1.0
Cluster headache,no recent international travel,0.9694
Cluster headache,pain character: lancinating/shooting,0.7613
Cluster headache,pain character: pulling/tugging,0.7629
Cluster headache,pain character: sharp,0.7623
Cluster headache,pain character: stabbing,0.7597
Cluster headache,pain character: violent,0.7588
Cluster headache,pain does not radiate,1.0
Cluster headache,pain in eye (left),0.7623
Cluster headache,pain in eye (right),0.7615
Cluster headache,pain in forehead,0.7641
Cluster headache,pain in left cheek,0.7593
Cluster headache,pain in left temple,0.3265
Cluster headache,pain in right cheek,0.7617
Cluster headache,pain in right temple,0.5581
Cluster headache,pain intensity: 10/10,0.2512
Cluster headache,pain intensity: 7/10,0.2476
Cluster headache,pain intensity: 8/10,0.2507
Cluster headache,pain intensity: 9/10,0.2505
Cluster headache,pain localization: 10/10,0.169
Cluster headache,pain localization: 5/10,0.1656
Cluster headache,pain localization: 6/10,0.1641
Cluster headache,pain localization: 7/10,0.168
Cluster headache,pain localization: 8/10,0.1669
Cluster headache,pain localization: 9/10,0.1665
Cluster headache,pain onset: very gradual,0.2537
Cluster headache,runny nose,0.5941
Cluster headache,take medication that dilates your blood vessels,0.7506
Croup,clinical evidence 190,0.5861
Croup,clinical evidence 194,0.722
Croup,clinical evidence 209,0.5159
Croup,clinical evidence 219,0.6387
Croup,clinical evidence 4,0.7794
Croup,fever,0.5922
Croup,no recent international travel,0.9634
Croup,person have a whooping cough,0.7227
Croup,runny nose,0.6531
Croup,shortness of breath,0.6589
Ebola,clinical evidence 178,0.9035
Ebola,clinical evidence 39,0.7141
Ebola,clinical evidence 73,0.9059
Ebola,contact_with_sick_person,0.8267
Ebola,cough,0.6856
Ebola,diarrhea,0.5891
Ebola,fever,0.4901
Ebola,insomnia,0.5
Ebola,muscle pain,0.5087
Ebola,recent travel to: west africa,1.0
Ebola,shortness of breath,0.6646
Ebola,sore throat,0.6497
Ebola,vomiting,0.5817
Epiglottitis,addiction to alcohol,0.5942
Epiglottitis,back pain,0.7385
Epiglottitis,clinical evidence 190,0.7376
Epiglottitis,clinical evidence 194,0.777
Epiglottitis,clinical evidence 209,0.4991
Epiglottitis,clinical evidence 212,0.7591
Epiglottitis,diabetes,0.6048
Epiglottitis,"difficulty swallowing, or have a feeling of discomfort/blockage when swallowing",0.7295
Epiglottitis,fever,0.682
Epiglottitis,high blood pressure or do you take medications to treat high blood pressure,0.5984
Epiglottitis,joint pain,1.0
Epiglottitis,no recent international travel,0.9681
Epiglottitis,pain character: sharp,0.7792
Epiglottitis,pain character: stabbing,0.828
Epiglottitis,pain does not radiate,1.0
Epiglottitis,pain in palace,0.7798
Epiglottitis,pain in side of the neck (left),0.3197
Epiglottitis,pain in side of the neck (right),0.5365
Epiglottitis,pain in tonsil (left),0.781
Epiglottitis,pain in tonsil (right),0.7834
Epiglottitis,pain in trachea,0.0737
Epiglottitis,pain in under the jaw,0.1636
Epiglottitis,pain intensity: 10/10,0.1671
Epiglottitis,pain intensity: 5/10,0.1662
Epiglottitis,pain intensity: 6/10,0.1669
Epiglottitis,pain intensity: 7/10,0.1634
Epiglottitis,pain intensity: 8/10,0.1677
Epiglottitis,pain intensity: 9/10,0.1687
Epiglottitis,pain localization: 10/10,0.1682
Epiglottitis,pain localization: 5/10,0.1704
Epiglottitis,pain localization: 6/10,0.1675
Epiglottitis,pain localization: 7/10,0.1677
Epiglottitis,pain localization: 8/10,0.1633
Epiglottitis,pain localization: 9/10,0.1629
Epiglottitis,pain onset: gradual,0.146
Epiglottitis,pain onset: very gradual,0.1461
Epiglottitis,pain that improves when you lean forward,0.609
Epiglottitis,regularly take stimulant drugs,0.5996
Epiglottitis,shortness of breath,0.6826
Epiglottitis,sore throat,0.7742
GERD,abdominal pain,0.7581
GERD,addiction to alcohol,0.604
GERD,asthma or have you ever had to use a bronchodilator in the past,0.6694
GERD,"burning sensation that starts in your stomach then goes up into your throat, and can be associated with a bitter taste in your mouth",0.7475
GERD,chest pain,0.4792
GERD,clinical evidence 140,0.3072
GERD,clinical evidence 210,0.3106
GERD,clinical evidence 217,0.6434
GERD,cough,0.6914
GERD,hiatal hernia,0.6844
GERD,joint pain,0.9948
GERD,no recent international travel,0.9706
GERD,pain character: burning,0.7464
GERD,pain character: lancinating/shooting,0.5964
GERD,pain character: pulling/tugging,0.6965
GERD,pain character: scary,0.3748
GERD,pain character: sickening,0.6979
GERD,pain character: stabbing,0.598
GERD,pain character: tender/sensitive,0.7027
GERD,pain does not radiate,0.0682
GERD,pain in left upper abdomen,0.6025
GERD,pain intensity: 3/10,0.1431
GERD,pain intensity: 4/10,0.1449
GERD,pain intensity: 5/10,0.1384
GERD,pain intensity: 6/10,0.1397
GERD,pain intensity: 7/10,0.1388
GERD,pain intensity: 8/10,0.1448
GERD,pain intensity: 9/10,0.145
GERD,pain localization: 2/10,0.144
GERD,pain localization: 3/10,0.1404
GERD,pain localization: 4/10,0.1423
GERD,pain localization: 5/10,0.1444
GERD,pain localization: 6/10,0.144
GERD,pain localization: 7/10,0.1411
GERD,pain localization: 8/10,0.1386
GERD,pain onset: gradual,0.1442
GERD,pain onset: sudden,0.1486
GERD,pain onset: very gradual,0.1438
GERD,pain radiates to lower chest,0.7419
GERD,pain radiates to upper chest,0.7439
GERD,significantly overweight compared to people of the same height as you,0.6014
GERD,smoking,0.6695
GERD,symptoms that get worse after eating,0.7457
GERD,think you are pregnant or are you currently pregnant,0.3464
Guillain-Barré syndrome,clinical evidence 0,0.6892
Guillain-Barré syndrome,clinical evidence 157,0.6934
Guillain-Barré syndrome,clinical evidence 83,0.658
Guillain-Barré syndrome,"currently, have any weakness/paralysis in one or more of your limbs or in your face",0.5879
Guillain-Barré syndrome,"currently, or did you ever, have numbness, loss of sensitivity or tingling anywhere on your body",0.5758
Guillain-Barré syndrome,feel weakness in both arms and/or both legs,0.743
Guillain-Barré syndrome,no recent international travel,0.9665
Guillain-Barré syndrome,"numbness, loss of sensation or tingling in the feet",0.6092
Guillain-Barré syndrome,shortness of breath,0.6575
Guillain-Barré syndrome,"weakness or paralysis on one side of the face, which may still be present or completely resolved",0.566
HIV (initial infection),back pain,0.2838
HIV (initial infection),clinical evidence 27,0.7177
HIV (initial infection),currently using intravenous drugs,0.5982
HIV (initial infection),diarrhea,0.5949
HIV (initial infection),feel so tired that you are unable to do your usual activities or are you stuck in your bed all day long,0.6359
HIV (initial infection),fever,0.8408
HIV (initial infection),headache,0.6029
HIV (initial infection),itching,1.0
HIV (initial infection),joint pain,0.9971
HIV (initial infection),lesion larger than 1cm,1.0
HIV (initial infection),muscle pain,0.6347
HIV (initial infection),no recent international travel,0.9166
HIV (initial infection),pain character: dull/aching,0.6009
HIV (initial infection),pain character: exhausting,0.6239
HIV (initial infection),pain character: pulsating,0.5972
HIV (initial infection),pain character: tender/sensitive,0.5983
HIV (initial infection),pain does not radiate,1.0
HIV (initial infection),pain in back of head,0.5985
HIV (initial infection),pain in forehead,0.5978
HIV (initial infection),pain in left temple,0.6021
HIV (initial infection),pain in right temple,0.5969
HIV (initial infection),pain intensity: 2/10,0.1429
HIV (initial infection),pain intensity: 3/10,0.1395
HIV (initial infection),pain intensity: 4/10,0.1447
HIV (initial infection),pain intensity: 5/10,0.1421
HIV (initial infection),pain intensity: 6/10,0.1436
HIV (initial infection),pain intensity: 7/10,0.1412
HIV (initial infection),pain intensity: 8/10,0.1432
HIV (initial infection),pain localization: 2/10,0.1395
HIV (initial infection),pain localization: 3/10,0.1456
HIV (initial infection),pain localization: 4/10,0.141
HIV (initial infection),pain localization: 5/10,0.1428
HIV (initial infection),pain localization: 6/10,0.1398
HIV (initial infection),pain localization: 7/10,0.145
HIV (initial infection),pain localization: 8/10,0.1434
HIV (initial infection),pain onset: gradual,0.1439
HIV (initial infection),pain onset: sudden,0.1454
HIV (initial infection),pain onset: very gradual,0.1419
HIV (initial infection),rash is pale colored,1.0
HIV (initial infection),rash pain intensity: 2/10,0.1405
HIV (initial infection),rash pain intensity: 3/10,0.1469
HIV (initial infection),rash pain intensity: 4/10,0.1426
HIV (initial infection),rash pain intensity: 5/10,0.1438
HIV (initial infection),rash pain intensity: 6/10,0.1398
HIV (initial infection),rash pain intensity: 7/10,0.1449
HIV (initial infection),rash pain intensity: 8/10,0.1414
HIV (initial infection),rash swelling: 0/10,0.2012
HIV (initial infection),rash swelling: 1/10,0.1987
HIV (initial infection),rash swelling: 2/10,0.2015
HIV (initial infection),rash swelling: 3/10,0.1995
HIV (initial infection),rash swelling: 4/10,0.1991
HIV (initial infection),sexual intercourse with an hiv-positive partner in the past 12 months,0.7194
HIV (initial infection),skin lesion on bottom lip (right),0.3342
HIV (initial infection),skin lesion on internal cheek (left),0.566
HIV (initial infection),skin lesion on internal cheek (right),0.7576
HIV (initial infection),skin lesion on labia majora (left),0.7596
HIV (initial infection),skin lesion on labia majora (right),0.7652
HIV (initial infection),skin lesion on lower gum,0.762
HIV (initial infection),skin lesion on palace,0.0766
HIV (initial infection),skin lesion on upper gum,0.7636
HIV (initial infection),skin lesion on upper lip (right),0.1661
HIV (initial infection),skin lesions are not peeling,1.0
HIV (initial infection),skin lesions or redness,1.0
HIV (initial infection),sore throat,0.5634
HIV (initial infection),sweating,0.6204
HIV (initial infection),swollen or painful lymph nodes,0.7527
HIV (initial infection),unprotected sex with more than one partner in the last 6 months,0.7168
HIV (initial infection),vomiting,0.6376
HIV (initial infection),weight loss,0.6722
Influenza,back pain,0.6838
Influenza,chills,0.6572
Influenza,cough,0.8207
Influenza,feel so tired that you are unable to do your usual activities or are you stuck in your bed all day long,0.7766
Influenza,fever,0.8008
Influenza,get full more quickly then usually,0.6065
Influenza,headache,0.6831
Influenza,immunosuppressed,0.5715
Influenza,itching,0.2751
Influenza,itching severity: 1/10,0.1455
Influenza,itching severity: 2/10,0.1446
Influenza,itching severity: 3/10,0.1468
Influenza,itching severity: 4/10,0.1414
Influenza,itching severity: 5/10,0.1465
Influenza,joint pain,1.0
Influenza,lesion larger than 1cm,0.865
Influenza,lesion smaller than 1cm,0.135
Influenza,muscle pain,0.6922
Influenza,no recent international travel,0.9694
Influenza,no skin lesions present,0.135
Influenza,pain character: exhausting,0.7151
Influenza,pain character: heavy/pressure-like,0.6784
Influenza,pain character: tender/sensitive,0.6801
Influenza,pain does not radiate,1.0
Influenza,pain in back of head,0.6827
Influenza,pain in forehead,0.6813
Influenza,pain in left temple,0.0848
Influenza,pain in right temple,0.1541
Influenza,pain in side of the neck (left),0.582
Influenza,pain in side of the neck (right),0.6784
Influenza,pain intensity: 2/10,0.1451
Influenza,pain intensity: 3/10,0.1422
Influenza,pain intensity: 4/10,0.1438
Influenza,pain intensity: 5/10,0.1441
Influenza,pain intensity: 6/10,0.1393
Influenza,pain intensity: 7/10,0.1437
Influenza,pain intensity: 8/10,0.1419
Influenza,pain localization: 2/10,0.1372
Influenza,pain localization: 3/10,0.1418
Influenza,pain localization: 4/10,0.1444
Influenza,pain localization: 5/10,0.1448
Influenza,pain localization: 6/10,0.1449
Influenza,pain localization: 7/10,0.1422
Influenza,pain localization: 8/10,0.1448
Influenza,pain onset: gradual,0.1432
Influenza,pain onset: sudden,0.1461
Influenza,pain onset: very gradual,0.1396
Influenza,rash is na colored,0.135
Influenza,rash is pink colored,0.865
Influenza,rash pain intensity: 0/10,0.2576
Influenza,rash pain intensity: 1/10,0.1247
Influenza,rash pain intensity: 2/10,0.1231
Influenza,rash pain intensity: 3/10,0.1264
Influenza,rash pain intensity: 4/10,0.1225
Influenza,rash pain intensity: 5/10,0.1236
Influenza,rash pain intensity: 6/10,0.1221
Influenza,rash swelling: 0/10,0.2783
Influenza,rash swelling: 1/10,0.1442
Influenza,rash swelling: 2/10,0.1434
Influenza,rash swelling: 3/10,0.1431
Influenza,rash swelling: 4/10,0.1481
Influenza,rash swelling: 5/10,0.1428
Influenza,runny nose,0.6515
Influenza,skin lesion on back of the neck,0.3959
Influenza,skin lesion on forehead,0.3919
Influenza,skin lesion on side of the neck (left),0.3941
Influenza,skin lesion on side of the neck (right),0.3978
Influenza,skin lesions are not peeling,1.0
Influenza,skin lesions or redness,0.865
Influenza,smoking,0.7482
Influenza,sore throat,0.5422
Influenza,sweating,0.6825
Inguinal hernia,clinical evidence 150,0.5301
Inguinal hernia,clinical evidence 160,0.5805
Inguinal hernia,clinical evidence 221,0.5994
Inguinal hernia,feel your abdomen is bloated or distended (swollen due to pressure from inside),0.6156
Inguinal hernia,intense coughing fits,0.6489
Inguinal hernia,itching,1.0
Inguinal hernia,joint pain,0.9998
Inguinal hernia,lesion larger than 1cm,0.9055
Inguinal hernia,lesion smaller than 1cm,0.0945
Inguinal hernia,no recent international travel,0.9584
Inguinal hernia,no skin lesions present,0.0945
Inguinal hernia,pain character: heavy/pressure-like,0.9998
Inguinal hernia,pain does not radiate,1.0
Inguinal hernia,pain in left hip,0.6853
Inguinal hernia,pain in left lower abdomen,0.6934
Inguinal hernia,pain in right hip,0.687
Inguinal hernia,pain in right lower abdomen,0.6836
Inguinal hernia,pain in testicle (left),0.4993
Inguinal hernia,pain in testicle (right),0.5741
Inguinal hernia,pain intensity: 1/10,0.1471
Inguinal hernia,pain intensity: 2/10,0.1462
Inguinal hernia,pain intensity: 3/10,0.1398
Inguinal hernia,pain intensity: 4/10,0.1367
Inguinal hernia,pain intensity: 5/10,0.1378
Inguinal hernia,pain intensity: 6/10,0.1427
Inguinal hernia,pain intensity: 7/10,0.1495
Inguinal hernia,pain localization: 0/10,0.1527
Inguinal hernia,pain localization: 1/10,0.1402
Inguinal hernia,pain localization: 2/10,0.1399
Inguinal hernia,pain localization: 3/10,0.1428
Inguinal hernia,pain localization: 4/10,0.1469
Inguinal hernia,pain localization: 5/10,0.1443
Inguinal hernia,pain localization: 6/10,0.1332
Inguinal hernia,pain onset: gradual,0.1441
Inguinal hernia,pain onset: sudden,0.1494
Inguinal hernia,pain onset: very gradual,0.1452
Inguinal hernia,rash is na colored,0.0945
Inguinal hernia,rash is pale colored,0.9055
Inguinal hernia,rash pain intensity: 0/10,0.0945
Inguinal hernia,rash pain intensity: 1/10,0.1099
Inguinal hernia,rash pain intensity: 2/10,0.1108
Inguinal hernia,rash pain intensity: 3/10,0.1026
Inguinal hernia,rash pain intensity: 4/10,0.1248
Inguinal hernia,rash pain intensity: 5/10,0.1503
Inguinal hernia,rash pain intensity: 6/10,0.1494
Inguinal hernia,rash pain intensity: 7/10,0.1578
Inguinal hernia,rash swelling: 0/10,0.0945
Inguinal hernia,rash swelling: 1/10,0.1373
Inguinal hernia,rash swelling: 2/10,0.1252
Inguinal hernia,rash swelling: 3/10,0.12
Inguinal hernia,rash swelling: 4/10,0.1184
Inguinal hernia,rash swelling: 5/10,0.1318
Inguinal hernia,rash swelling: 6/10,0.1312
Inguinal hernia,rash swelling: 7/10,0.1415
Inguinal hernia,significantly overweight compared to people of the same height as you,0.3541
Inguinal hernia,skin lesion on iliac fossa (left),0.7
Inguinal hernia,skin lesion on iliac fossa (right),0.7056
Inguinal hernia,skin lesions are not peeling,1.0
Inguinal hernia,skin lesions or redness,0.9055
Larygospasm,asthma or have you ever had to use a bronchodilator in the past,0.5185
Larygospasm,clinical evidence 125,0.5107
Larygospasm,clinical evidence 194,1.0
Larygospasm,cold in the last 2 weeks,0.5292
Larygospasm,exposed to secondhand cigarette smoke on a daily basis,0.5187
Larygospasm,no recent international travel,0.9469
Larygospasm,recent travel to: north america,0.0531
Larygospasm,smoking,0.5348
Localized edema,clinical evidence 109,0.5666
Localized edema,clinical evidence 137,0.751
Localized edema,clinical evidence 158,0.5472
Localized edema,clinical evidence 186,0.5995
Localized edema,clinical evidence 96,0.6012
Localized edema,currently taking or have you recently taken anti-inflammatory drugs (nsaids),0.5668
Localized edema,heart failure,0.7517
Localized edema,joint pain,1.0
Localized edema,known issue with one of your heart valves,0.6292
Localized edema,known kidney problem resulting in an inability to retain proteins,0.6667
Localized edema,liver cirrhosis,0.669
Localized edema,no recent international travel,0.9718
Localized edema,pain character: dull/aching,0.6102
Localized edema,pain character: heavy/pressure-like,0.6009
Localized edema,pain character: pulling/tugging,0.6052
Localized edema,pain character: sharp,0.601
Localized edema,pain character: tender/sensitive,0.6001
Localized edema,pain does not radiate,1.0
Localized edema,pain in calf (left),0.0601
Localized edema,pain in calf (right),0.1019
Localized edema,pain in dorsal aspect of the foot (left),0.5517
Localized edema,pain in dorsal aspect of the foot (right),0.6048
Localized edema,pain in lateral side of the foot (left),0.1605
Localized edema,pain in lateral side of the foot (right),0.2407
Localized edema,pain in left ankle,0.5981
Localized edema,pain in right ankle,0.5987
Localized edema,pain in sole (left),0.3477
Localized edema,pain in sole (right),0.4572
Localized edema,pain in thigh (left),0.6009
Localized edema,pain in thigh (right),0.6006
Localized edema,pain intensity: 2/10,0.1415
Localized edema,pain intensity: 3/10,0.1417
Localized edema,pain intensity: 4/10,0.1433
Localized edema,pain intensity: 5/10,0.1439
Localized edema,pain intensity: 6/10,0.142
Localized edema,pain intensity: 7/10,0.1452
Localized edema,pain intensity: 8/10,0.1423
Localized edema,pain localization: 2/10,0.1436
Localized edema,pain localization: 3/10,0.1403
Localized edema,pain localization: 4/10,0.1446
Localized edema,pain localization: 5/10,0.1439
Localized edema,pain localization: 6/10,0.1427
Localized edema,pain localization: 7/10,0.1406
Localized edema,pain localization: 8/10,0.1444
Localized edema,pain onset: gradual,0.1437
Localized edema,pain onset: sudden,0.1439
Localized edema,pain onset: very gradual,0.1439
Localized edema,swelling,1.0
Localized edema,swelling in ankle (left),0.7769
Localized edema,swelling in ankle (right),0.7792
Localized edema,swelling in dorsal aspect of the foot (left),0.5537
Localized edema,swelling in dorsal aspect of the foot (right),0.7788
Localized edema,swelling in lateral side of the foot (right),0.0627
Localized edema,swelling in sole (left),0.1479
Localized edema,swelling in sole (right),0.308
Localized edema,swelling in thigh (left),0.7787
Localized edema,swelling in thigh (right),0.7774
Localized edema,take a calcium channel blockers (medication),0.601
Localized edema,take corticosteroids,0.638
Myasthenia gravis,clinical evidence 28,0.6495
Myasthenia gravis,clinical evidence 90,0.4952
Myasthenia gravis,"currently, have any weakness/paralysis in one or more of your limbs or in your face",0.57
Myasthenia gravis,difficulty articulating words/speaking,0.7429
Myasthenia gravis,"difficulty swallowing, or have a feeling of discomfort/blockage when swallowing",0.759
Myasthenia gravis,feel weakness in both arms and/or both legs,0.6392
Myasthenia gravis,hard time opening/raising one or both eyelids,0.7393
Myasthenia gravis,no recent international travel,0.9577
Myasthenia gravis,pain or weakness in your jaw,0.6618
Myasthenia gravis,perception of seeing two images of a single object seen overlapping or adjacent to each other (double vision),0.7448
Myasthenia gravis,shortness of breath,0.7639
Myocarditis,chest pain,0.5697
Myocarditis,clinical evidence 0,0.7143
Myocarditis,clinical evidence 175,0.5836
Myocarditis,clinical evidence 217,0.6273
Myocarditis,joint pain,0.9938
Myocarditis,no recent international travel,0.9685
Myocarditis,pain character: stabbing,0.7565
Myocarditis,pain character: tender/sensitive,0.5646
Myocarditis,pain does not radiate,1.0
Myocarditis,pain in breast (left),0.576
Myocarditis,pain in breast (right),0.5815
Myocarditis,pain in side of the chest (left),0.5737
Myocarditis,pain intensity: 2/10,0.1471
Myocarditis,pain intensity: 3/10,0.1376
Myocarditis,pain intensity: 4/10,0.1395
Myocarditis,pain intensity: 5/10,0.1461
Myocarditis,pain intensity: 6/10,0.1394
Myocarditis,pain intensity: 7/10,0.144
Myocarditis,pain intensity: 8/10,0.14
Myocarditis,pain localization: 1/10,0.1429
Myocarditis,pain localization: 2/10,0.1442
Myocarditis,pain localization: 3/10,0.1442
Myocarditis,pain localization: 4/10,0.1384
Myocarditis,pain localization: 5/10,0.138
Myocarditis,pain localization: 6/10,0.142
Myocarditis,pain localization: 7/10,0.1442
Myocarditis,pain onset: gradual,0.1677
Myocarditis,pain onset: sudden,0.1727
Myocarditis,palpitations,0.5348
Myocarditis,shortness of breath,0.7667
Myocarditis,symptoms that are increased with physical exertion but alleviated with rest,0.6449
PSVT,anxiety,0.677
PSVT,clinical evidence 213,0.5974
PSVT,consume energy drinks regularly,0.5973
PSVT,dizziness,0.7133
PSVT,feel lightheaded and dizzy or do you feel like you are about to faint,0.6883
PSVT,headache,0.1932
PSVT,joint pain,0.6548
PSVT,no recent international travel,0.971
PSVT,pain character: burning,0.2202
PSVT,pain character: cramping,0.1297
PSVT,pain character: dull/aching,0.1285
PSVT,pain character: heavy/pressure-like,0.1322
PSVT,pain character: lancinating/shooting,0.1319
PSVT,pain character: na,0.3452
PSVT,pain character: pulling/tugging,0.1317
PSVT,pain character: pulsating,0.13
PSVT,pain character: sharp,0.1283
PSVT,pain character: stabbing,0.1305
PSVT,pain does not radiate,1.0
PSVT,pain in back of head,0.191
PSVT,pain in forehead,0.1927
PSVT,pain in left temple,0.1933
PSVT,pain in no specific location,0.3452
PSVT,pain in right temple,0.1939
PSVT,pain intensity: 0/10,0.3452
PSVT,pain intensity: 2/10,0.0953
PSVT,pain intensity: 3/10,0.0955
PSVT,pain intensity: 4/10,0.0927
PSVT,pain intensity: 5/10,0.0946
PSVT,pain intensity: 6/10,0.0911
PSVT,pain intensity: 7/10,0.0907
PSVT,pain intensity: 8/10,0.0949
PSVT,pain localization: 0/10,0.3452
PSVT,pain localization: 2/10,0.0929
PSVT,pain localization: 3/10,0.0889
PSVT,pain localization: 4/10,0.0946
PSVT,pain localization: 5/10,0.0978
PSVT,pain localization: 6/10,0.097
PSVT,pain localization: 7/10,0.0923
PSVT,pain localization: 8/10,0.0913
PSVT,pain onset: gradual,0.0949
PSVT,pain onset: sudden,0.3452
PSVT,pain onset: very gradual,0.0945
PSVT,palpitations,0.9892
PSVT,regularly drink coffee or tea,0.551
PSVT,regularly take stimulant drugs,0.703
PSVT,shortness of breath,0.5575
Pancreatic neoplasm,abdominal pain,0.6115
Pancreatic neoplasm,chronic pancreatitis,0.64
Pancreatic neoplasm,clinical evidence 223,0.7502
Pancreatic neoplasm,cough,0.5023
Pancreatic neoplasm,diabetes,0.5937
Pancreatic neoplasm,diarrhea,0.5605
Pancreatic neoplasm,insomnia,0.6066
Pancreatic neoplasm,itching,0.4268
Pancreatic neoplasm,itching severity: 1/10,0.1462
Pancreatic neoplasm,itching severity: 2/10,0.1417
Pancreatic neoplasm,itching severity: 3/10,0.1416
Pancreatic neoplasm,itching severity: 4/10,0.1437
Pancreatic neoplasm,joint pain,0.9727
Pancreatic neoplasm,lesion larger than 1cm,0.7184
Pancreatic neoplasm,lesion smaller than 1cm,0.2816
Pancreatic neoplasm,no recent international travel,0.9688
Pancreatic neoplasm,no skin lesions present,0.2816
Pancreatic neoplasm,pain character: cramping,0.7407
Pancreatic neoplasm,pain character: tender/sensitive,0.5832
Pancreatic neoplasm,pain does not radiate,0.4182
Pancreatic neoplasm,pain in left flank,0.515
Pancreatic neoplasm,pain in left upper abdomen,0.6096
Pancreatic neoplasm,pain intensity: 1/10,0.1651
Pancreatic neoplasm,pain intensity: 2/10,0.162
Pancreatic neoplasm,pain intensity: 3/10,0.165
Pancreatic neoplasm,pain intensity: 4/10,0.1601
Pancreatic neoplasm,pain intensity: 5/10,0.16
Pancreatic neoplasm,pain intensity: 6/10,0.1605
Pancreatic neoplasm,pain localization: 0/10,0.193
Pancreatic neoplasm,pain localization: 1/10,0.1602
Pancreatic neoplasm,pain localization: 2/10,0.1633
Pancreatic neoplasm,pain localization: 3/10,0.1612
Pancreatic neoplasm,pain localization: 4/10,0.1621
Pancreatic neoplasm,pain localization: 5/10,0.1602
Pancreatic neoplasm,pain onset: gradual,0.1653
Pancreatic neoplasm,pain onset: sudden,0.1907
Pancreatic neoplasm,pain radiates to mid back,0.5818
Pancreatic neoplasm,pale stools and dark urine,0.7241
Pancreatic neoplasm,rash is na colored,0.2816
Pancreatic neoplasm,rash is yellow colored,0.7184
Pancreatic neoplasm,rash pain intensity: 0/10,0.4595
Pancreatic neoplasm,rash pain intensity: 1/10,0.184
Pancreatic neoplasm,rash pain intensity: 2/10,0.1767
Pancreatic neoplasm,rash pain intensity: 3/10,0.1799
Pancreatic neoplasm,rash swelling: 0/10,0.4667
Pancreatic neoplasm,rash swelling: 1/10,0.1757
Pancreatic neoplasm,rash swelling: 2/10,0.1802
Pancreatic neoplasm,rash swelling: 3/10,0.1774
Pancreatic neoplasm,significantly overweight compared to people of the same height as you,0.6653
Pancreatic neoplasm,skin lesion on upper abdomen,0.7184
Pancreatic neoplasm,skin lesions are not peeling,1.0
Pancreatic neoplasm,skin lesions or redness,0.7184
Pancreatic neoplasm,smoking,0.6695
Pancreatic neoplasm,vomiting,0.4947
Pancreatic neoplasm,weight loss,0.6195
Panic attack,abdominal pain,0.4135
Panic attack,addiction to alcohol,0.5694
Panic attack,anxiety,0.6716
Panic attack,asthma or have you ever had to use a bronchodilator in the past,0.6307
Panic attack,chest pain,0.5625
Panic attack,clinical evidence 157,0.805
Panic attack,clinical evidence 185,0.714
Panic attack,clinical evidence 29,0.5539
Panic attack,clinical evidence 80,0.7337
Panic attack,clinical evidence 99,0.5434
Panic attack,"currently, or did you ever, have numbness, loss of sensitivity or tingling anywhere on your body",0.5518
Panic attack,feel lightheaded and dizzy or do you feel like you are about to faint,0.7013
Panic attack,feel like you are (or were) choking or suffocating,0.5659
Panic attack,feel like you are detached from your own body or your surroundings,0.7163
Panic attack,feel like you are dying or were you afraid that you were about do die,0.7666
Panic attack,joint pain,1.0
Panic attack,no recent international travel,0.97
Panic attack,pain character: cramping,0.7869
Panic attack,pain character: sharp,0.6948
Panic attack,pain does not radiate,1.0
Panic attack,pain in breast (left),0.1181
Panic attack,pain in breast (right),0.2044
Panic attack,pain in left flank,0.4081
Panic attack,pain in left lower abdomen,0.4041
Panic attack,pain in left upper abdomen,0.4126
Panic attack,pain in pubis,0.3702
Panic attack,pain in right flank,0.4087
Panic attack,pain in right lower abdomen,0.4101
Panic attack,pain in side of the chest (left),0.4518
Panic attack,pain intensity: 2/10,0.145
Panic attack,pain intensity: 3/10,0.1373
Panic attack,pain intensity: 4/10,0.1432
Panic attack,pain intensity: 5/10,0.145
Panic attack,pain intensity: 6/10,0.1472
Panic attack,pain intensity: 7/10,0.1393
Panic attack,pain intensity: 8/10,0.143
Panic attack,pain localization: 10/10,0.2002
Panic attack,pain localization: 6/10,0.2005
Panic attack,pain localization: 7/10,0.1987
Panic attack,pain localization: 8/10,0.2016
Panic attack,pain localization: 9/10,0.199
Panic attack,pain onset: gradual,0.1659
Panic attack,pain onset: very gradual,0.1688
Panic attack,palpitations,0.7219
Panic attack,shortness of breath,0.7054
Panic attack,suffer from chronic anxiety,0.7523
Panic attack,suffer from fibromyalgia,0.6651
Panic attack,sweating,0.6063
Panic attack,vomiting,0.5337
Pericarditis,abdominal pain,0.4736
Pericarditis,chest pain,0.7613
Pericarditis,clinical evidence 0,0.7491
Pericarditis,clinical evidence 217,0.7124
Pericarditis,clinical evidence 3,0.8369
Pericarditis,joint pain,1.0
Pericarditis,no recent international travel,0.9722
Pericarditis,pain character: sharp,0.7544
Pericarditis,pain character: stabbing,0.8099
Pericarditis,pain in breast (left),0.7068
Pericarditis,pain in breast (right),0.7062
Pericarditis,pain intensity: 10/10,0.1417
Pericarditis,pain intensity: 4/10,0.1439
Pericarditis,pain intensity: 5/10,0.1414
Pericarditis,pain intensity: 6/10,0.143
Pericarditis,pain intensity: 7/10,0.1458
Pericarditis,pain intensity: 8/10,0.1407
Pericarditis,pain intensity: 9/10,0.1434
Pericarditis,pain localization: 2/10,0.1433
Pericarditis,pain localization: 3/10,0.1439
Pericarditis,pain localization: 4/10,0.1437
Pericarditis,pain localization: 5/10,0.1456
Pericarditis,pain localization: 6/10,0.1432
Pericarditis,pain localization: 7/10,0.1386
Pericarditis,pain localization: 8/10,0.1417
Pericarditis,pain onset: gradual,0.1447
Pericarditis,pain onset: very gradual,0.1446
Pericarditis,pain radiates to mid back,0.7458
Pericarditis,pain radiates to posterior chest wall (left),0.7512
Pericarditis,pain radiates to posterior chest wall (right),0.7471
Pericarditis,pain that is increased when you breathe in deeply,0.6957
Pericarditis,palpitations,0.5586
Pericarditis,shortness of breath,0.6302
Pneumonia,addiction to alcohol,0.6181
Pneumonia,asthma or have you ever had to use a bronchodilator in the past,0.6153
Pneumonia,chest pain,0.5308
Pneumonia,chills,0.6893
Pneumonia,chronic obstructive pulmonary disease (copd),0.7359
Pneumonia,clinical evidence 107,0.5866
Pneumonia,clinical evidence 118,0.8055
Pneumonia,clinical evidence 175,0.6068
Pneumonia,clinical evidence 209,0.4227
Pneumonia,clinical evidence 219,0.573
Pneumonia,clinical evidence 45,0.5227
Pneumonia,cough,0.8276
Pneumonia,fever,0.6961
Pneumonia,get full more quickly then usually,0.6666
Pneumonia,heart failure,0.7285
Pneumonia,itching,0.1718
Pneumonia,itching severity: 1/10,0.1644
Pneumonia,itching severity: 2/10,0.1642
Pneumonia,itching severity: 3/10,0.1624
Pneumonia,itching severity: 4/10,0.1692
Pneumonia,itching severity: 5/10,0.168
Pneumonia,joint pain,0.9846
Pneumonia,lesion smaller than 1cm,1.0
Pneumonia,muscle pain,0.6904
Pneumonia,no recent international travel,0.9701
Pneumonia,pain character: sharp,0.515
Pneumonia,pain character: stabbing,0.7398
Pneumonia,pain does not radiate,1.0
Pneumonia,pain in breast (left),0.2365
Pneumonia,pain in breast (right),0.2496
Pneumonia,pain in posterior chest wall (left),0.5273
Pneumonia,pain in posterior chest wall (right),0.5185
Pneumonia,pain in side of the chest (left),0.5272
Pneumonia,pain intensity: 1/10,0.1382
Pneumonia,pain intensity: 2/10,0.1427
Pneumonia,pain intensity: 3/10,0.1417
Pneumonia,pain intensity: 4/10,0.1396
Pneumonia,pain intensity: 5/10,0.1412
Pneumonia,pain intensity: 6/10,0.1394
Pneumonia,pain intensity: 7/10,0.1417
Pneumonia,pain localization: 0/10,0.1123
Pneumonia,pain localization: 1/10,0.1003
Pneumonia,pain localization: 2/10,0.0989
Pneumonia,pain localization: 3/10,0.1006
Pneumonia,pain localization: 4/10,0.094
Pneumonia,pain localization: 5/10,0.0984
Pneumonia,pain localization: 6/10,0.0978
Pneumonia,pain localization: 7/10,0.0994
Pneumonia,pain localization: 8/10,0.0993
Pneumonia,pain localization: 9/10,0.0991
Pneumonia,pain onset: gradual,0.1426
Pneumonia,pain onset: sudden,0.1597
Pneumonia,pain onset: very gradual,0.1396
Pneumonia,pain that is increased when you breathe in deeply,0.5263
Pneumonia,parkinson’s disease,0.6509
Pneumonia,productive cough with colored sputum,0.8536
Pneumonia,rash is pink colored,0.9934
Pneumonia,rash pain intensity: 0/10,0.1743
Pneumonia,rash pain intensity: 1/10,0.1661
Pneumonia,rash pain intensity: 2/10,0.1623
Pneumonia,rash pain intensity: 3/10,0.1639
Pneumonia,rash pain intensity: 4/10,0.1664
Pneumonia,rash pain intensity: 5/10,0.167
Pneumonia,rash swelling: 0/10,0.1473
Pneumonia,rash swelling: 1/10,0.1405
Pneumonia,rash swelling: 2/10,0.138
Pneumonia,rash swelling: 3/10,0.1425
Pneumonia,rash swelling: 4/10,0.1422
Pneumonia,rash swelling: 5/10,0.1458
Pneumonia,rash swelling: 6/10,0.1437
Pneumonia,runny nose,0.4187
Pneumonia,shortness of breath,0.6839
Pneumonia,skin lesion on back of the neck,0.2596
Pneumonia,skin lesion on belly,0.1544
Pneumonia,skin lesion on buttock (left),0.2418
Pneumonia,skin lesion on buttock (right),0.2479
Pneumonia,skin lesion on commissure (left),0.2607
Pneumonia,skin lesion on commissure (right),0.2618
Pneumonia,skin lesion on flank (left),0.2252
Pneumonia,skin lesion on flank (right),0.2368
Pneumonia,skin lesion on lower back,0.2559
Pneumonia,skin lesion on mid back,0.2577
Pneumonia,skin lesion on neck/upper back,0.2602
Pneumonia,skin lesion on posterior chest wall (left),0.1704
Pneumonia,skin lesion on posterior chest wall (right),0.1858
Pneumonia,skin lesion on shoulder (left),0.2543
Pneumonia,skin lesion on shoulder (right),0.2533
Pneumonia,skin lesion on side of the neck (left),0.1992
Pneumonia,skin lesion on side of the neck (right),0.2153
Pneumonia,skin lesions are peeling,0.9934
Pneumonia,skin lesions or redness,0.9934
Pneumonia,smoking,0.6448
Pneumonia,surgery within the last month,0.4971
Pneumonia,weight loss,0.6188
Possible NSTEMI / STEMI,abdominal pain,0.7018
Possible NSTEMI / STEMI,back pain,0.0571
Possible NSTEMI / STEMI,chest pain,0.7398
Possible NSTEMI / STEMI,close family members who had a cardiovascular disease problem before the age of 50,0.5965
Possible NSTEMI / STEMI,diabetes,0.765
Possible NSTEMI / STEMI,former smoker,0.5908
Possible NSTEMI / STEMI,get full more quickly then usually,0.6399
Possible NSTEMI / STEMI,high blood pressure or do you take medications to treat high blood pressure,0.7227
Possible NSTEMI / STEMI,high cholesterol or do you take medications to treat high cholesterol,0.7521
Possible NSTEMI / STEMI,infected with the human immunodeficiency virus (hiv),0.669
Possible NSTEMI / STEMI,insomnia,0.5568
Possible NSTEMI / STEMI,joint pain,1.0
Possible NSTEMI / STEMI,no recent international travel,0.972
Possible NSTEMI / STEMI,pain character: dull/aching,0.7392
Possible NSTEMI / STEMI,pain character: heavy/pressure-like,0.7457
Possible NSTEMI / STEMI,pain character: scary,0.7431
Possible NSTEMI / STEMI,pain character: sharp,0.7437
Possible NSTEMI / STEMI,pain character: sickening,0.7441
Possible NSTEMI / STEMI,pain in biceps (left),0.1011
Possible NSTEMI / STEMI,pain in biceps (right),0.1331
Possible NSTEMI / STEMI,pain in breast (left),0.6976
Possible NSTEMI / STEMI,pain in breast (right),0.6959
Possible NSTEMI / STEMI,pain in side of the chest (left),0.3854
Possible NSTEMI / STEMI,pain in thyroid cartilage,0.0762
Possible NSTEMI / STEMI,pain intensity: 10/10,0.1637
Possible NSTEMI / STEMI,pain intensity: 5/10,0.1673
Possible NSTEMI / STEMI,pain intensity: 6/10,0.1675
Possible NSTEMI / STEMI,pain intensity: 7/10,0.1691
Possible NSTEMI / STEMI,pain intensity: 8/10,0.1653
Possible NSTEMI / STEMI,pain intensity: 9/10,0.1671
Possible NSTEMI / STEMI,pain localization: 2/10,0.1426
Possible NSTEMI / STEMI,pain localization: 3/10,0.1385
Possible NSTEMI / STEMI,pain localization: 4/10,0.1435
Possible NSTEMI / STEMI,pain localization: 5/10,0.1443
Possible NSTEMI / STEMI,pain localization: 6/10,0.1413
Possible NSTEMI / STEMI,pain localization: 7/10,0.1454
Possible NSTEMI / STEMI,pain localization: 8/10,0.1444
Possible NSTEMI / STEMI,pain onset: gradual,0.166
Possible NSTEMI / STEMI,pain onset: very gradual,0.1695
Possible NSTEMI / STEMI,pain radiates to biceps (left),0.7436
Possible NSTEMI / STEMI,pain radiates to biceps (right),0.7431
Possible NSTEMI / STEMI,pain radiates to left shoulder,0.5722
Possible NSTEMI / STEMI,pain radiates to mid back,0.7411
Possible NSTEMI / STEMI,pain radiates to right shoulder,0.7398
Possible NSTEMI / STEMI,pain radiates to thyroid cartilage,0.7397
Possible NSTEMI / STEMI,pain radiates to trachea,0.1963
Possible NSTEMI / STEMI,pain radiates to triceps (right),0.0923
Possible NSTEMI / STEMI,pain radiates to under the jaw,0.3615
Possible NSTEMI / STEMI,problem with poor circulation,0.7333
Possible NSTEMI / STEMI,shortness of breath,0.6661
Possible NSTEMI / STEMI,significantly overweight compared to people of the same height as you,0.6857
Possible NSTEMI / STEMI,smoking,0.7454
Possible NSTEMI / STEMI,sweating,0.6372
Possible NSTEMI / STEMI,vomiting,0.5989
Pulmonary embolism,active cancer,0.6749
Pulmonary embolism,chest pain,0.7282
Pulmonary embolism,clinical evidence 109,0.6603
Pulmonary embolism,clinical evidence 110,0.6111
Pulmonary embolism,clinical evidence 159,0.6695
Pulmonary embolism,clinical evidence 45,0.6297
Pulmonary embolism,currently take hormones,0.2955
Pulmonary embolism,joint pain,1.0
Pulmonary embolism,no recent international travel,0.2961
Pulmonary embolism,no swelling present,0.106
Pulmonary embolism,pain character: sharp,0.7313
Pulmonary embolism,pain character: stabbing,0.766
Pulmonary embolism,pain character: tender/sensitive,0.5156
Pulmonary embolism,pain in breast (left),0.2085
Pulmonary embolism,pain in breast (right),0.3788
Pulmonary embolism,pain in posterior chest wall (left),0.5819
Pulmonary embolism,pain in posterior chest wall (right),0.729
Pulmonary embolism,pain in scapula (left),0.7253
Pulmonary embolism,pain in scapula (right),0.7278
Pulmonary embolism,pain in side of the chest (left),0.7319
Pulmonary embolism,pain intensity: 1/10,0.0987
Pulmonary embolism,pain intensity: 10/10,0.099
Pulmonary embolism,pain intensity: 2/10,0.0991
Pulmonary embolism,pain intensity: 3/10,0.0983
Pulmonary embolism,pain intensity: 4/10,0.1001
Pulmonary embolism,pain intensity: 5/10,0.1026
Pulmonary embolism,pain intensity: 6/10,0.1022
Pulmonary embolism,pain intensity: 7/10,0.0981
Pulmonary embolism,pain intensity: 8/10,0.1009
Pulmonary embolism,pain intensity: 9/10,0.101
Pulmonary embolism,pain localization: 10/10,0.109
Pulmonary embolism,pain localization: 2/10,0.1112
Pulmonary embolism,pain localization: 3/10,0.1137
Pulmonary embolism,pain localization: 4/10,0.1107
Pulmonary embolism,pain localization: 5/10,0.1089
Pulmonary embolism,pain localization: 6/10,0.1121
Pulmonary embolism,pain localization: 7/10,0.111
Pulmonary embolism,pain localization: 8/10,0.1134
Pulmonary embolism,pain localization: 9/10,0.11
Pulmonary embolism,pain onset: gradual,0.0933
Pulmonary embolism,pain onset: sudden,0.0927
Pulmonary embolism,pain onset: very gradual,0.093
Pulmonary embolism,pain radiates to breast (left),0.21
Pulmonary embolism,pain radiates to breast (right),0.3732
Pulmonary embolism,pain radiates to posterior chest wall (left),0.5814
Pulmonary embolism,pain radiates to posterior chest wall (right),0.7322
Pulmonary embolism,pain radiates to scapula (left),0.7269
Pulmonary embolism,pain radiates to scapula (right),0.7296
Pulmonary embolism,pain radiates to side of the chest (left),0.7305
Pulmonary embolism,pain radiates to side of the chest (right),0.7267
Pulmonary embolism,pain radiates to upper chest,0.1056
Pulmonary embolism,pain that is increased when you breathe in deeply,0.7195
Pulmonary embolism,recent travel to: north america,0.7039
Pulmonary embolism,shortness of breath,0.7199
Pulmonary embolism,surgery within the last month,0.953
Pulmonary embolism,swelling,0.894
Pulmonary embolism,swelling in calf (left),0.4267
Pulmonary embolism,swelling in calf (right),0.4321
Pulmonary embolism,swelling in posterior aspect of the ankle (left),0.4254
Pulmonary embolism,swelling in posterior aspect of the ankle (right),0.4274
Pulmonary neoplasm,clinical evidence 45,0.8572
Pulmonary neoplasm,cough,0.7116
Pulmonary neoplasm,exposed to secondhand cigarette smoke on a daily basis,0.7834
Pulmonary neoplasm,family members who have had lung cancer,0.6631
Pulmonary neoplasm,former smoker,0.8012
Pulmonary neoplasm,get full more quickly then usually,0.6069
Pulmonary neoplasm,insomnia,0.6022
Pulmonary neoplasm,joint pain,0.8531
Pulmonary neoplasm,no recent international travel,0.9716
Pulmonary neoplasm,pain character: exhausting,0.5094
Pulmonary neoplasm,pain character: na,0.1469
Pulmonary neoplasm,pain character: stabbing,0.5664
Pulmonary neoplasm,pain character: tender/sensitive,0.5091
Pulmonary neoplasm,pain does not radiate,1.0
Pulmonary neoplasm,pain in no specific location,0.1469
Pulmonary neoplasm,pain in posterior chest wall (left),0.6096
Pulmonary neoplasm,pain in posterior chest wall (right),0.6129
Pulmonary neoplasm,pain intensity: 0/10,0.1469
Pulmonary neoplasm,pain intensity: 1/10,0.1404
Pulmonary neoplasm,pain intensity: 2/10,0.1403
Pulmonary neoplasm,pain intensity: 3/10,0.1393
Pulmonary neoplasm,pain intensity: 4/10,0.1438
Pulmonary neoplasm,pain intensity: 5/10,0.1438
Pulmonary neoplasm,pain intensity: 6/10,0.1456
Pulmonary neoplasm,pain localization: 0/10,0.2684
Pulmonary neoplasm,pain localization: 1/10,0.1193
Pulmonary neoplasm,pain localization: 2/10,0.1245
Pulmonary neoplasm,pain localization: 3/10,0.1206
Pulmonary neoplasm,pain localization: 4/10,0.1218
Pulmonary neoplasm,pain localization: 5/10,0.1226
Pulmonary neoplasm,pain localization: 6/10,0.1228
Pulmonary neoplasm,pain onset: gradual,0.1453
Pulmonary neoplasm,pain onset: sudden,0.2863
Pulmonary neoplasm,shortness of breath,0.8192
Pulmonary neoplasm,smoking,0.9359
Pulmonary neoplasm,weight loss,0.7961
SLE,back pain,0.6499
SLE,clinical evidence 11,0.1002
SLE,clinical evidence 141,0.3401
SLE,clinical evidence 3,0.6054
SLE,consulting because you have high blood pressure,0.5824
SLE,insomnia,0.5874
SLE,itching,0.2726
SLE,itching severity: 1/10,0.2436
SLE,itching severity: 2/10,0.2411
SLE,itching severity: 3/10,0.2427
SLE,joint pain,1.0
SLE,lesion larger than 1cm,0.972
SLE,no recent international travel,0.9171
SLE,pain character: sharp,0.7791
SLE,pain character: tender/sensitive,0.613
SLE,pain does not radiate,1.0
SLE,pain in dorsal aspect of the wrist (left),0.4466
SLE,pain in dorsal aspect of the wrist (right),0.5663
SLE,pain in left ankle,0.6438
SLE,pain in left knee,0.0686
SLE,pain in left shoulder,0.6406
SLE,pain in palmar face of the wrist (left),0.2021
SLE,pain in palmar face of the wrist (right),0.3133
SLE,pain in right ankle,0.6393
SLE,pain in right knee,0.1198
SLE,pain in right shoulder,0.6412
SLE,pain intensity: 2/10,0.1443
SLE,pain intensity: 3/10,0.1475
SLE,pain intensity: 4/10,0.1375
SLE,pain intensity: 5/10,0.1412
SLE,pain intensity: 6/10,0.146
SLE,pain intensity: 7/10,0.1432
SLE,pain intensity: 8/10,0.1403
SLE,pain localization: 10/10,0.1705
SLE,pain localization: 5/10,0.1635
SLE,pain localization: 6/10,0.1685
SLE,pain localization: 7/10,0.1649
SLE,pain localization: 8/10,0.1673
SLE,pain localization: 9/10,0.1655
SLE,pain onset: gradual,0.1455
SLE,pain onset: sudden,0.1479
SLE,pain onset: very gradual,0.1464
SLE,painful mouth ulcers or sores,0.6557
SLE,rash,0.972
SLE,rash swelling: 0/10,0.2219
SLE,rash swelling: 1/10,0.1886
SLE,rash swelling: 2/10,0.1925
SLE,rash swelling: 3/10,0.1976
SLE,rash swelling: 4/10,0.1994
SLE,shortness of breath,0.7073
SLE,skin lesion on cheek (left),0.6623
SLE,skin lesion on cheek (right),0.6687
SLE,skin lesion on nose,0.6661
SLE,skin lesions are not peeling,1.0
SLE,skin lesions or redness,0.972
SLE,smoking,0.6599
Sarcoidosis,clinical evidence 43,0.5708
Sarcoidosis,clinical evidence 74,0.5499
Sarcoidosis,itching,1.0
Sarcoidosis,joint pain,1.0
Sarcoidosis,lesion smaller than 1cm,1.0
Sarcoidosis,no recent international travel,0.9697
Sarcoidosis,no skin lesions present,1.0
Sarcoidosis,pain character: burning,0.6538
Sarcoidosis,pain character: sharp,0.5453
Sarcoidosis,pain character: tender/sensitive,0.5702
Sarcoidosis,pain does not radiate,1.0
Sarcoidosis,pain in dorsal aspect of the wrist (left),0.084
Sarcoidosis,pain in dorsal aspect of the wrist (right),0.1272
Sarcoidosis,pain in finger (index) (left),0.5718
Sarcoidosis,pain in finger (index) (right),0.5678
Sarcoidosis,pain in finger (little finger) (left),0.3646
Sarcoidosis,pain in finger (little finger) (right),0.4649
Sarcoidosis,pain in finger (middle) (left),0.5681
Sarcoidosis,pain in finger (middle) (right),0.5689
Sarcoidosis,pain in finger (ring finger) (left),0.5352
Sarcoidosis,pain in finger (ring finger) (right),0.5795
Sarcoidosis,pain in left shoulder,0.1877
Sarcoidosis,pain in palmar face of the wrist (right),0.0502
Sarcoidosis,pain in right shoulder,0.2584
Sarcoidosis,pain intensity: 1/10,0.1228
Sarcoidosis,pain intensity: 2/10,0.1224
Sarcoidosis,pain intensity: 3/10,0.1287
Sarcoidosis,pain intensity: 4/10,0.1235
Sarcoidosis,pain intensity: 5/10,0.1254
Sarcoidosis,pain intensity: 6/10,0.1247
Sarcoidosis,pain intensity: 7/10,0.1281
Sarcoidosis,pain intensity: 8/10,0.1243
Sarcoidosis,pain localization: 0/10,0.1011
Sarcoidosis,pain localization: 1/10,0.0986
Sarcoidosis,pain localization: 2/10,0.1014
Sarcoidosis,pain localization: 3/10,0.0989
Sarcoidosis,pain localization: 4/10,0.1026
Sarcoidosis,pain localization: 5/10,0.1038
Sarcoidosis,pain localization: 6/10,0.0989
Sarcoidosis,pain localization: 7/10,0.0944
Sarcoidosis,pain localization: 8/10,0.0974
Sarcoidosis,pain localization: 9/10,0.1028
Sarcoidosis,pain onset: gradual,0.1702
Sarcoidosis,pain onset: sudden,0.1685
Sarcoidosis,rash is na colored,1.0
Sarcoidosis,rash pain intensity: 0/10,1.0
Sarcoidosis,rash swelling: 0/10,1.0
Sarcoidosis,shortness of breath,0.6494
Sarcoidosis,significantly overweight compared to people of the same height as you,0.7009
Sarcoidosis,skin lesions are not peeling,1.0
Sarcoidosis,swollen or painful lymph nodes,0.6948
Sarcoidosis,vaginal discharge,0.431
Sarcoidosis,work in agriculture,0.6014
Scombroid food poisoning,clinical evidence 187,0.9796
Scombroid food poisoning,clinical evidence 214,0.5354
Scombroid food poisoning,clinical evidence 92,0.9854
Scombroid food poisoning,diarrhea,0.5232
Scombroid food poisoning,feel lightheaded and dizzy or do you feel like you are about to faint,0.5176
Scombroid food poisoning,itching severity: 10/10,0.2015
Scombroid food poisoning,itching severity: 6/10,0.2017
Scombroid food poisoning,itching severity: 7/10,0.1982
Scombroid food poisoning,itching severity: 8/10,0.2007
Scombroid food poisoning,itching severity: 9/10,0.1979
Scombroid food poisoning,lesion larger than 1cm,1.0
Scombroid food poisoning,no recent international travel,0.9707
Scombroid food poisoning,palpitations,0.5366
Scombroid food poisoning,rash is pink colored,1.0
Scombroid food poisoning,rash pain intensity: 0/10,0.2518
Scombroid food poisoning,rash pain intensity: 1/10,0.2487
Scombroid food poisoning,rash pain intensity: 2/10,0.2465
Scombroid food poisoning,rash pain intensity: 3/10,0.253
Scombroid food poisoning,rash swelling: 0/10,0.1396
Scombroid food poisoning,rash swelling: 1/10,0.1437
Scombroid food poisoning,rash swelling: 2/10,0.1413
Scombroid food poisoning,rash swelling: 3/10,0.1417
Scombroid food poisoning,rash swelling: 4/10,0.1463
Scombroid food poisoning,rash swelling: 5/10,0.1433
Scombroid food poisoning,rash swelling: 6/10,0.1441
Scombroid food poisoning,shortness of breath,0.5568
Scombroid food poisoning,skin lesion on ankle (left),0.4259
Scombroid food poisoning,skin lesion on ankle (right),0.5853
Scombroid food poisoning,skin lesion on back of the neck,0.6672
Scombroid food poisoning,skin lesion on biceps (left),0.6678
Scombroid food poisoning,skin lesion on biceps (right),0.6642
Scombroid food poisoning,skin lesion on lower back,0.0925
Scombroid food poisoning,skin lesion on mid back,0.1702
Scombroid food poisoning,skin lesion on mouth,0.6731
Scombroid food poisoning,skin lesion on neck/upper back,0.2874
Scombroid food poisoning,skin lesion on thigh (right),0.0509
Scombroid food poisoning,skin lesion on thyroid cartilage,0.6684
Scombroid food poisoning,skin lesions are not peeling,1.0
Scombroid food poisoning,skin lesions or redness,1.0
Scombroid food poisoning,vomiting,0.5329
Spontaneous pneumothorax,chest pain,0.5678
Spontaneous pneumothorax,chronic obstructive pulmonary disease (copd),0.5918
Spontaneous pneumothorax,clinical evidence 165,0.6654
Spontaneous pneumothorax,clinical evidence 21,0.8446
Spontaneous pneumothorax,joint pain,1.0
Spontaneous pneumothorax,no recent international travel,0.969
Spontaneous pneumothorax,pain character: stabbing,0.7705
Spontaneous pneumothorax,pain character: tearing,0.7505
Spontaneous pneumothorax,pain character: violent,0.7495
Spontaneous pneumothorax,pain does not radiate,1.0
Spontaneous pneumothorax,pain in breast (left),0.7457
Spontaneous pneumothorax,pain in breast (right),0.7572
Spontaneous pneumothorax,pain in side of the chest (left),0.5466
Spontaneous pneumothorax,pain intensity: 10/10,0.1981
Spontaneous pneumothorax,pain intensity: 6/10,0.1989
Spontaneous pneumothorax,pain intensity: 7/10,0.1994
Spontaneous pneumothorax,pain intensity: 8/10,0.2052
Spontaneous pneumothorax,pain intensity: 9/10,0.1984
Spontaneous pneumothorax,pain localization: 1/10,0.1416
Spontaneous pneumothorax,pain localization: 2/10,0.1421
Spontaneous pneumothorax,pain localization: 3/10,0.145
Spontaneous pneumothorax,pain localization: 4/10,0.1407
Spontaneous pneumothorax,pain localization: 5/10,0.1445
Spontaneous pneumothorax,pain localization: 6/10,0.1438
Spontaneous pneumothorax,pain localization: 7/10,0.1422
Spontaneous pneumothorax,pain onset: gradual,0.1696
Spontaneous pneumothorax,pain onset: very gradual,0.1724
Spontaneous pneumothorax,pain that is increased when you breathe in deeply,0.9058
Spontaneous pneumothorax,shortness of breath,0.6529
Spontaneous pneumothorax,smoking,0.7961
Spontaneous pneumothorax,symptoms that are increased with physical exertion but alleviated with rest,0.5694
Spontaneous rib fracture,addiction to alcohol,0.676
Spontaneous rib fracture,being treated for osteoporosis,0.7428
Spontaneous rib fracture,chest pain,0.6957
Spontaneous rib fracture,cough,0.6287
Spontaneous rib fracture,intense coughing fits,0.8434
Spontaneous rib fracture,joint pain,1.0
Spontaneous rib fracture,metastatic cancer,0.6754
Spontaneous rib fracture,muscle pain,0.9965
Spontaneous rib fracture,no recent international travel,0.9703
Spontaneous rib fracture,pain character: lancinating/shooting,0.7065
Spontaneous rib fracture,pain character: sharp,0.705
Spontaneous rib fracture,pain character: stabbing,0.718
Spontaneous rib fracture,pain character: tearing,0.7165
Spontaneous rib fracture,pain character: violent,0.7144
Spontaneous rib fracture,pain does not radiate,0.0899
Spontaneous rib fracture,pain in breast (left),0.5881
Spontaneous rib fracture,pain in breast (right),0.6999
Spontaneous rib fracture,pain in posterior chest wall (left),0.712
Spontaneous rib fracture,pain in posterior chest wall (right),0.7116
Spontaneous rib fracture,pain in side of the chest (left),0.701
Spontaneous rib fracture,pain intensity: 10/10,0.199
Spontaneous rib fracture,pain intensity: 6/10,0.2008
Spontaneous rib fracture,pain intensity: 7/10,0.2014
Spontaneous rib fracture,pain intensity: 8/10,0.2031
Spontaneous rib fracture,pain intensity: 9/10,0.1957
Spontaneous rib fracture,pain localization: 10/10,0.253
Spontaneous rib fracture,pain localization: 7/10,0.2499
Spontaneous rib fracture,pain localization: 8/10,0.2475
Spontaneous rib fracture,pain localization: 9/10,0.2496
Spontaneous rib fracture,pain onset: very gradual,0.2673
Spontaneous rib fracture,pain radiates to posterior chest wall (left),0.703
Spontaneous rib fracture,pain radiates to posterior chest wall (right),0.7008
Spontaneous rib fracture,pain that is increased when you breathe in deeply,0.9929
Spontaneous rib fracture,shortness of breath,0.4316
Stable angina,abdominal pain,0.6384
Stable angina,addiction to alcohol,0.6269
Stable angina,back pain,0.0886
Stable angina,chest pain,0.8185
Stable angina,close family members who had a cardiovascular disease problem before the age of 50,0.7691
Stable angina,diabetes,0.7633
Stable angina,"exercise regularly, 4 times per week or more",0.6559
Stable angina,high blood pressure or do you take medications to treat high blood pressure,0.6772
Stable angina,high cholesterol or do you take medications to treat high cholesterol,0.7047
Stable angina,insomnia,0.5411
Stable angina,joint pain,1.0
Stable angina,no recent international travel,0.9701
Stable angina,pain character: dull/aching,0.6886
Stable angina,pain character: exhausting,0.7116
Stable angina,pain character: heavy/pressure-like,0.684
Stable angina,pain in biceps (left),0.1342
Stable angina,pain in biceps (right),0.1653
Stable angina,pain in breast (left),0.6376
Stable angina,pain in breast (right),0.6375
Stable angina,pain in left shoulder,0.0615
Stable angina,pain in right shoulder,0.0746
Stable angina,pain in side of the chest (left),0.4069
Stable angina,pain in thyroid cartilage,0.1132
Stable angina,pain intensity: 3/10,0.1446
Stable angina,pain intensity: 4/10,0.141
Stable angina,pain intensity: 5/10,0.1488
Stable angina,pain intensity: 6/10,0.1401
Stable angina,pain intensity: 7/10,0.1376
Stable angina,pain intensity: 8/10,0.1428
Stable angina,pain intensity: 9/10,0.1451
Stable angina,pain localization: 2/10,0.1471
Stable angina,pain localization: 3/10,0.1403
Stable angina,pain localization: 4/10,0.1417
Stable angina,pain localization: 5/10,0.1422
Stable angina,pain localization: 6/10,0.1424
Stable angina,pain localization: 7/10,0.1457
Stable angina,pain localization: 8/10,0.1407
Stable angina,pain onset: gradual,0.1433
Stable angina,pain onset: very gradual,0.1461
Stable angina,pain radiates to biceps (left),0.6848
Stable angina,pain radiates to biceps (right),0.6867
Stable angina,pain radiates to left shoulder,0.5768
Stable angina,pain radiates to mid back,0.6874
Stable angina,pain radiates to right shoulder,0.693
Stable angina,pain radiates to thyroid cartilage,0.6873
Stable angina,pain radiates to trachea,0.2634
Stable angina,pain radiates to triceps (left),0.0793
Stable angina,pain radiates to triceps (right),0.1508
Stable angina,pain radiates to under the jaw,0.4154
Stable angina,shortness of breath,0.6103
Stable angina,significantly overweight compared to people of the same height as you,0.7265
Stable angina,smoking,0.7146
Stable angina,symptoms that are increased with physical exertion but alleviated with rest,0.84
Tuberculosis,addiction to alcohol,0.5956
Tuberculosis,clinical evidence 45,0.7709
Tuberculosis,cough,0.9998
Tuberculosis,currently using intravenous drugs,0.5725
Tuberculosis,diabetes,0.6919
Tuberculosis,fever,0.6443
Tuberculosis,infected with the human immunodeficiency virus (hiv),0.607
Tuberculosis,no recent international travel,0.9683
Tuberculosis,shortness of breath,0.5821
Tuberculosis,take corticosteroids,0.542
Tuberculosis,weight loss,0.6291
URTI,attend or work in a daycare,0.6145
URTI,contact_with_sick_person,0.656
URTI,cough,0.6834
URTI,exposed to secondhand cigarette smoke on a daily basis,0.632
URTI,fever,0.7008
URTI,headache,0.5462
URTI,joint pain,0.9962
URTI,live with 4 or more people,0.7136
URTI,muscle pain,0.5876
URTI,no recent international travel,0.9707
URTI,pain character: dull/aching,0.6387
URTI,pain character: heavy/pressure-like,0.545
URTI,pain character: tender/sensitive,0.5423
URTI,pain does not radiate,1.0
URTI,pain in back of head,0.5481
URTI,pain in forehead,0.544
URTI,pain in left cheek,0.5499
URTI,pain in left temple,0.4589
URTI,pain in right cheek,0.5474
URTI,pain in right temple,0.5199
URTI,pain intensity: 2/10,0.1443
URTI,pain intensity: 3/10,0.1418
URTI,pain intensity: 4/10,0.1416
URTI,pain intensity: 5/10,0.1431
URTI,pain intensity: 6/10,0.1415
URTI,pain intensity: 7/10,0.1415
URTI,pain intensity: 8/10,0.1424
URTI,pain localization: 1/10,0.1427
URTI,pain localization: 2/10,0.1444
URTI,pain localization: 3/10,0.143
URTI,pain localization: 4/10,0.142
URTI,pain localization: 5/10,0.1436
URTI,pain localization: 6/10,0.1393
URTI,pain localization: 7/10,0.1411
URTI,pain onset: gradual,0.1687
URTI,pain onset: sudden,0.1699
URTI,productive cough with colored sputum,0.4121
URTI,runny nose,0.8079
URTI,smoking,0.5754
URTI,sore throat,0.7793
URTI,sweating,0.6467
Unstable angina,abdominal pain,0.6741
Unstable angina,addiction to alcohol,0.6275
Unstable angina,back pain,0.0731
Unstable angina,chest pain,0.8172
Unstable angina,close family members who had a cardiovascular disease problem before the age of 50,0.7668
Unstable angina,diabetes,0.7639
Unstable angina,"exercise regularly, 4 times per week or more",0.6562
Unstable angina,find that your symptoms have worsened over the last 2 weeks and that progressively less effort is required to cause the symptoms,0.6953
Unstable angina,high blood pressure or do you take medications to treat high blood pressure,0.6772
Unstable angina,high cholesterol or do you take medications to treat high cholesterol,0.705
Unstable angina,insomnia,0.5407
Unstable angina,joint pain,1.0
Unstable angina,no recent international travel,0.9697
Unstable angina,pain character: dull/aching,0.7206
Unstable angina,pain character: exhausting,0.7442
Unstable angina,pain character: heavy/pressure-like,0.7222
Unstable angina,pain in biceps (left),0.1196
Unstable angina,pain in biceps (right),0.1465
Unstable angina,pain in breast (left),0.678
Unstable angina,pain in breast (right),0.6781
Unstable angina,pain in right shoulder,0.0562
Unstable angina,pain in side of the chest (left),0.39
Unstable angina,pain in thyroid cartilage,0.0943
Unstable angina,pain intensity: 10/10,0.1412
Unstable angina,pain intensity: 4/10,0.1431
Unstable angina,pain intensity: 5/10,0.1466
Unstable angina,pain intensity: 6/10,0.1429
Unstable angina,pain intensity: 7/10,0.1404
Unstable angina,pain intensity: 8/10,0.142
Unstable angina,pain intensity: 9/10,0.1438
Unstable angina,pain localization: 2/10,0.1412
Unstable angina,pain localization: 3/10,0.1416
Unstable angina,pain localization: 4/10,0.1447
Unstable angina,pain localization: 5/10,0.1424
Unstable angina,pain localization: 6/10,0.1428
Unstable angina,pain localization: 7/10,0.1432
Unstable angina,pain localization: 8/10,0.1441
Unstable angina,pain onset: gradual,0.1415
Unstable angina,pain onset: very gradual,0.1458
Unstable angina,pain radiates to biceps (left),0.7196
Unstable angina,pain radiates to biceps (right),0.7212
Unstable angina,pain radiates to left shoulder,0.5788
Unstable angina,pain radiates to mid back,0.7161
Unstable angina,pain radiates to right shoulder,0.7178
Unstable angina,pain radiates to thyroid cartilage,0.7267
Unstable angina,pain radiates to trachea,0.2206
Unstable angina,pain radiates to triceps (left),0.0537
Unstable angina,pain radiates to triceps (right),0.117
Unstable angina,pain radiates to under the jaw,0.3872
Unstable angina,shortness of breath,0.6309
Unstable angina,significantly overweight compared to people of the same height as you,0.7276
Unstable angina,smoking,0.7105
Unstable angina,sweating,0.5265
Unstable angina,symptoms that are increased with physical exertion but alleviated with rest,0.718
Unstable angina,vomiting,0.55
Viral pharyngitis,attend or work in a daycare,0.7167
Viral pharyngitis,clinical evidence 45,0.5525
Viral pharyngitis,contact_with_sick_person,0.7988
Viral pharyngitis,cough,0.5998
Viral pharyngitis,fever,0.4932
Viral pharyngitis,immunosuppressed,0.5935
Viral pharyngitis,joint pain,1.0
Viral pharyngitis,live with 4 or more people,0.6399
Viral pharyngitis,no recent international travel,0.9699
Viral pharyngitis,pain character: burning,0.8379
Viral pharyngitis,pain character: tender/sensitive,0.7972
Viral pharyngitis,pain does not radiate,1.0
Viral pharyngitis,pain in palace,0.7935
Viral pharyngitis,pain in thyroid cartilage,0.7962
Viral pharyngitis,pain in tonsil (left),0.7975
Viral pharyngitis,pain in tonsil (right),0.7968
Viral pharyngitis,pain in under the jaw,0.5413
Viral pharyngitis,pain intensity: 3/10,0.1407
Viral pharyngitis,pain intensity: 4/10,0.145
Viral pharyngitis,pain intensity: 5/10,0.1424
Viral pharyngitis,pain intensity: 6/10,0.1421
Viral pharyngitis,pain intensity: 7/10,0.1441
Viral pharyngitis,pain intensity: 8/10,0.142
Viral pharyngitis,pain intensity: 9/10,0.1438
Viral pharyngitis,pain localization: 10/10,0.1421
Viral pharyngitis,pain localization: 4/10,0.1415
Viral pharyngitis,pain localization: 5/10,0.145
Viral pharyngitis,pain localization: 6/10,0.1442
Viral pharyngitis,pain localization: 7/10,0.1437
Viral pharyngitis,pain localization: 8/10,0.1414
Viral pharyngitis,pain localization: 9/10,0.1422
Viral pharyngitis,pain onset: gradual,0.1689
Viral pharyngitis,pain onset: sudden,0.1699
Viral pharyngitis,runny nose,0.6868
Viral pharyngitis,smoking,0.6004
Viral pharyngitis,sore throat,0.7953
Whooping cough,asthma or have you ever had to use a bronchodilator in the past,0.5675
Whooping cough,clinical evidence 166,0.977
Whooping cough,clinical evidence 209,0.9234
Whooping cough,clinical evidence 40,0.6565
Whooping cough,intense coughing fits,0.6298
Whooping cough,no recent international travel,0.8927
Whooping cough,recent travel to: north america,0.1073
Whooping cough,significantly overweight compared to people of the same height as you,0.5075
Whooping cough,wheeze while inhaling or is your breathing noisy after coughing spells,0.5746
